ph,temperature,turbidity,fish
7.04,33.05,8.67,karpio
8.62,30.06,6.67,silverCup
8.0,17.48,3.64,tilapia
6.54,25.2,4.19,koi
7.05,23.87,7.45,magur
7.12,19.13,8.23,karpio
7.14,20.56,3.49,rui
8.24,17.56,3.55,tilapia
7.83,22.62,15.43,shrimp
7.86,25.79,3.52,tilapia
7.96,21.75,3.56,katla
8.8,17.91,3.48,pangas
6.56,27.79,7.24,sing
6.47,28.56,4.28,katla
7.17,24.72,6.97,magur
7.34,30.13,8.04,magur
8.44,30.93,5.47,prawn
7.84,17.56,3.57,tilapia
6.2,25.0,4.0,tilapia
7.3,32.33,5.79,prawn
6.93,21.79,3.39,shrimp
8.78,24.49,6.96,silverCup
5.85,21.31,3.7,rui
6.03,20.77,3.47,silverCup
6.07,21.12,3.28,rui
8.1,29.32,7.26,sing
7.78,27.62,6.88,prawn
6.95,10.92,7.05,karpio
8.43,29.98,2.75,pangas
7.26,25.92,7.54,magur
7.88,29.41,4.83,rui
8.82,24.7,7.03,silverCup
5.53,18.11,5.26,koi
7.02,21.72,7.92,magur
8.21,30.4,5.22,prawn
8.32,31.04,5.44,prawn
5.58,27.17,6.87,tilapia
8.28,17.42,3.72,tilapia
5.73,32.37,3.98,koi
7.82,25.41,5.78,prawn
8.6,27.96,5.51,silverCup
7.4,24.0,15.0,shrimp
7.55,24.47,3.74,tilapia
7.22,29.7,7.89,magur
7.09,21.32,3.58,silverCup
7.43,27.14,4.86,rui
6.06,21.08,3.72,silverCup
7.06,30.2,6.39,karpio
5.7,31.57,3.94,koi
7.92,25.61,5.94,prawn
7.47,23.13,7.64,magur
7.11,15.62,8.14,karpio
7.11,21.1,3.35,shrimp
7.4,24.04,15.35,shrimp
5.54,26.96,7.1,tilapia
7.28,21.18,3.62,silverCup
7.4,9.0,6.3,karpio
8.18,29.92,7.97,prawn
7.6,20.72,3.32,rui
7.1,30.03,7.05,karpio
7.47,25.47,7.32,karpio
6.85,31.33,7.34,sing
8.24,29.55,4.98,prawn
7.57,21.1,3.35,silverCup
7.3,30.0,8.0,magur
7.9,23.19,15.45,shrimp
8.57,31.66,3.97,katla
6.76,21.59,5.95,koi
7.0,4.7,5.0,karpio
8.52,32.19,4.17,katla
8.85,18.01,3.57,pangas
7.83,21.14,3.63,katla
7.89,28.25,15.68,shrimp
7.48,31.18,7.21,sing
6.49,21.26,3.72,silverCup
8.19,27.29,8.34,prawn
7.45,30.04,6.18,pangas
7.62,30.48,6.62,pangas
6.44,26.21,3.91,tilapia
7.67,27.86,4.95,rui
7.02,21.25,3.61,shrimp
7.78,26.84,5.89,sing
7.34,25.89,3.96,rui
5.5,18.0,5.0,koi
6.51,31.06,5.63,katla
7.82,22.28,15.03,shrimp
8.1,17.56,3.74,tilapia
7.16,29.25,8.03,magur
6.5,20.65,3.6,rui
7.55,31.52,5.09,silverCup
7.41,26.74,9.9,karpio
8.05,26.79,4.34,katla
8.6,30.45,6.41,silverCup
7.04,28.08,8.03,magur
7.15,16.28,8.17,karpio
5.89,21.5,3.59,silverCup
7.27,21.19,3.57,silverCup
5.98,25.96,4.12,koi
8.15,21.63,3.8,katla
5.93,21.58,5.87,koi
7.2,24.45,7.13,magur
8.17,27.35,8.25,prawn
6.66,29.0,3.68,pangas
7.66,20.08,14.67,shrimp
5.91,25.8,4.19,koi
7.47,30.9,5.89,prawn
6.51,30.85,5.62,katla
8.46,30.16,2.92,pangas
7.54,31.73,5.26,silverCup
6.16,25.76,4.13,katla
7.93,22.98,15.13,shrimp
7.23,20.42,7.89,magur
8.8,17.69,3.56,pangas
7.14,25.51,7.28,magur
7.1,10.06,5.98,karpio
7.35,25.91,7.41,magur
8.78,17.79,3.25,pangas
6.02,26.93,4.1,katla
7.1,21.04,3.42,rui
7.89,28.83,7.16,prawn
7.17,28.96,8.13,magur
5.94,20.68,6.11,koi
6.16,30.53,4.76,rui
6.57,28.23,7.07,sing
8.3,30.04,5.22,prawn
8.33,34.2,5.28,rui
7.85,27.83,4.06,prawn
8.88,17.76,3.48,pangas
7.83,31.79,14.6,shrimp
6.67,21.08,3.18,rui
8.18,17.69,3.56,tilapia
6.89,21.07,3.44,rui
8.87,18.0,3.46,pangas
7.39,27.12,8.1,magur
7.15,33.99,8.7,karpio
8.5,30.31,3.05,pangas
7.58,31.89,3.97,katla
7.02,21.09,3.6,sing
6.96,25.2,3.98,katla
6.2,19.0,6.1,koi
6.4,24.0,4.1,tilapia
6.88,21.16,3.34,shrimp
7.66,20.73,3.64,silverCup
7.21,5.98,9.36,karpio
8.29,17.68,3.54,tilapia
7.25,18.21,5.56,karpio
7.95,24.59,3.91,katla
7.41,23.45,7.59,magur
6.79,21.36,3.7,shrimp
7.84,29.3,7.1,prawn
6.51,21.0,3.75,silverCup
7.7,32.55,4.97,silverCup
6.5,28.0,7.1,sing
7.75,18.05,3.5,tilapia
6.97,28.19,5.65,karpio
7.43,30.97,6.37,prawn
6.79,21.09,3.8,shrimp
6.64,21.18,3.21,rui
7.27,31.39,5.86,prawn
7.11,20.73,7.99,magur
6.99,24.41,7.24,magur
6.89,21.04,3.15,rui
7.86,30.17,3.95,prawn
7.16,14.94,7.05,karpio
7.16,21.05,8.07,magur
6.89,21.23,3.32,rui
7.27,19.29,8.52,karpio
8.28,17.34,3.61,tilapia
8.28,21.44,3.43,katla
7.83,17.53,3.5,tilapia
8.5,30.0,3.0,pangas
7.67,17.76,3.56,tilapia
7.15,23.95,7.89,magur
6.79,21.2,3.69,shrimp
6.96,30.82,3.97,koi
6.93,21.2,3.08,rui
7.53,21.32,3.8,katla
8.53,30.3,6.38,silverCup
7.16,24.99,6.98,magur
8.26,34.84,4.97,rui
7.65,21.29,6.25,rui
8.26,17.64,3.73,tilapia
7.44,31.1,6.07,prawn
8.81,18.13,3.67,pangas
7.23,25.22,2.19,pangas
8.3,17.38,3.67,tilapia
6.83,30.73,7.27,sing
7.15,23.96,7.32,magur
8.64,18.08,3.61,tilapia
6.59,29.05,7.0,sing
7.3,7.02,9.57,karpio
6.47,21.39,3.83,shrimp
6.8,26.0,3.1,tilapia
8.14,27.33,8.41,prawn
7.39,7.06,9.1,karpio
7.88,21.08,3.24,katla
6.59,21.03,5.09,tilapia
6.0,26.0,4.01,koi
8.17,29.74,6.71,pangas
7.17,28.59,3.99,katla
7.01,21.49,3.69,silverCup
6.14,18.72,6.25,koi
7.3,26.15,7.22,magur
7.98,30.89,4.03,koi
7.43,21.18,3.61,shrimp
7.86,24.92,5.38,sing
8.82,18.0,3.64,pangas
7.35,27.49,7.91,magur
8.71,18.3,3.17,tilapia
5.9,20.1,5.97,koi
7.14,23.44,5.41,koi
7.13,21.05,3.19,rui
7.65,28.0,6.03,sing
7.81,17.56,3.56,tilapia
7.31,26.06,7.14,magur
6.98,20.96,3.69,shrimp
7.83,29.85,3.98,prawn
7.51,23.6,14.95,shrimp
8.0,29.49,15.1,shrimp
6.77,30.32,7.27,sing
8.38,30.38,4.05,koi
6.64,21.58,3.68,sing
7.13,33.99,8.62,karpio
8.41,24.88,5.02,rui
8.03,17.64,3.65,tilapia
6.0,21.32,3.79,silverCup
7.53,20.99,3.69,katla
7.16,21.11,8.18,magur
7.26,26.22,7.2,magur
7.27,21.28,7.54,magur
7.22,23.95,7.38,magur
7.35,25.88,7.41,magur
8.18,21.16,3.87,katla
7.4,26.0,3.0,tilapia
5.83,24.88,5.36,tilapia
5.89,25.93,3.88,koi
7.09,22.22,8.04,magur
8.79,18.16,3.37,pangas
7.58,28.82,4.2,koi
7.06,9.85,6.14,karpio
7.14,24.02,7.46,magur
7.6,20.0,14.8,shrimp
6.82,27.07,7.21,tilapia
8.79,24.81,7.23,silverCup
7.84,28.03,6.14,sing
7.67,28.04,6.51,prawn
8.27,26.91,8.46,prawn
7.37,29.97,7.87,magur
7.13,23.35,4.07,rui
7.32,17.87,5.33,karpio
8.79,18.0,3.49,pangas
7.17,17.29,9.28,karpio
7.22,4.0,9.31,karpio
6.23,28.96,3.92,koi
8.32,21.49,3.67,katla
6.8,22.0,5.9,koi
7.61,19.7,14.82,shrimp
7.9,25.16,6.13,sing
6.53,28.39,7.14,sing
7.26,29.6,3.72,katla
8.6,31.52,4.03,katla
7.6,21.39,3.46,silverCup
7.23,29.7,8.03,magur
7.85,17.24,3.39,tilapia
7.44,28.9,5.91,prawn
8.85,28.16,3.32,pangas
7.02,30.61,4.14,koi
7.82,24.49,3.87,pangas
7.75,27.59,4.22,prawn
7.57,8.26,5.28,karpio
7.88,28.93,7.31,prawn
7.11,21.33,3.64,silverCup
7.41,21.01,3.58,katla
7.13,27.97,5.67,karpio
7.46,20.7,3.6,sing
7.03,29.6,5.92,silverCup
8.15,21.5,3.62,katla
7.32,18.07,5.28,karpio
8.73,17.7,3.43,tilapia
7.89,22.97,14.87,shrimp
7.25,22.03,7.51,magur
7.85,26.53,7.16,prawn
6.14,21.64,3.42,silverCup
7.28,21.27,3.58,shrimp
8.88,26.93,7.47,rui
6.81,20.86,3.68,shrimp
7.9,25.38,3.78,pangas
7.08,24.3,7.23,magur
8.05,30.54,4.39,koi
7.48,26.0,15.36,shrimp
5.97,26.52,4.06,koi
7.59,31.63,3.9,katla
8.66,17.94,3.44,pangas
8.79,25.39,7.13,silverCup
8.21,30.11,7.86,prawn
7.59,29.57,4.37,koi
7.54,21.32,3.74,katla
8.0,17.53,3.4,tilapia
7.51,31.57,4.14,katla
7.41,26.09,15.42,shrimp
7.91,21.91,3.59,katla
6.0,26.02,4.14,koi
8.41,30.45,4.01,koi
7.41,25.98,9.71,karpio
8.32,17.75,3.71,tilapia
8.12,26.25,8.54,prawn
8.37,31.46,5.54,prawn
6.89,21.47,3.24,rui
7.17,11.75,7.57,karpio
7.07,22.55,5.55,koi
7.26,11.52,7.41,karpio
6.88,29.84,7.23,sing
7.13,21.05,7.84,magur
7.07,21.55,3.28,silverCup
7.21,20.81,3.67,silverCup
7.25,21.01,3.68,silverCup
7.74,31.92,5.81,silverCup
7.94,21.51,3.51,katla
7.17,29.52,6.53,karpio
8.27,34.91,4.76,rui
7.68,28.15,6.58,prawn
8.66,17.56,3.28,pangas
7.43,26.83,8.15,magur
7.62,26.65,15.67,shrimp
8.16,30.08,7.97,prawn
8.08,22.33,3.66,katla
7.52,28.42,5.64,prawn
7.19,15.1,6.88,karpio
7.01,27.82,8.06,magur
8.51,30.37,3.92,koi
8.0,27.0,4.0,katla
8.5,27.0,2.5,pangas
6.57,27.96,4.26,katla
5.42,18.23,4.94,koi
7.85,28.2,3.96,prawn
7.2,12.0,7.5,karpio
7.16,33.48,8.55,karpio
8.16,17.42,3.34,tilapia
7.47,21.25,3.62,silverCup
7.85,26.95,7.01,prawn
6.99,29.2,5.93,silverCup
7.78,21.12,3.5,rui
7.89,20.95,3.69,katla
7.08,30.2,6.05,silverCup
7.24,25.0,7.18,magur
5.66,32.18,3.94,koi
6.98,21.92,6.0,karpio
7.22,21.1,7.69,magur
8.58,29.91,4.24,koi
7.45,18.06,14.15,shrimp
6.64,20.96,3.18,rui
6.11,28.67,4.19,koi
6.6,29.0,7.2,sing
7.03,26.84,8.28,karpio
6.19,28.98,4.01,koi
8.3,21.44,3.62,katla
8.83,17.92,3.22,pangas
7.3,30.32,8.19,magur
6.96,29.85,3.92,pangas
6.5,25.27,3.95,koi
7.51,14.27,9.51,karpio
7.27,20.8,3.42,rui
6.56,30.8,5.54,katla
8.6,31.0,3.0,pangas
7.21,15.03,7.11,karpio
7.81,26.55,5.89,pangas
6.12,24.16,2.64,tilapia
8.51,28.08,5.48,silverCup
8.37,30.04,5.43,prawn
8.69,17.93,3.36,tilapia
7.42,25.39,2.92,tilapia
7.37,29.01,7.87,karpio
6.7,17.5,3.56,tilapia
7.21,35.09,8.29,karpio
7.02,23.06,4.05,rui
7.83,32.49,14.66,shrimp
7.44,25.89,15.31,shrimp
7.0,28.01,7.96,magur
7.28,21.6,7.49,magur
6.51,21.15,3.76,shrimp
7.03,21.14,3.55,silverCup
8.8,17.85,3.37,pangas
6.38,21.26,3.74,silverCup
8.21,26.98,8.4,prawn
7.38,28.78,3.46,pangas
6.46,27.86,7.14,sing
8.28,31.04,4.94,prawn
8.75,18.0,3.47,pangas
6.03,21.52,3.34,rui
7.08,30.18,6.03,silverCup
8.86,18.36,3.34,pangas
6.0,27.08,4.23,katla
7.01,31.09,4.01,koi
7.27,21.12,7.91,magur
5.96,25.93,4.19,koi
6.2,29.0,4.0,koi
7.22,20.46,7.64,magur
6.34,21.31,3.44,silverCup
7.33,31.75,5.85,prawn
7.4,25.0,7.4,karpio
8.27,24.97,3.55,tilapia
7.39,25.18,7.51,karpio
6.88,30.0,4.22,katla
7.43,23.45,7.84,magur
7.08,33.3,8.42,karpio
7.03,22.42,6.34,karpio
8.48,28.05,5.6,silverCup
6.53,25.71,4.33,tilapia
7.2,14.84,7.06,karpio
7.74,16.75,3.38,tilapia
6.49,29.68,3.8,pangas
7.75,26.03,5.83,sing
7.41,17.41,5.0,karpio
6.02,25.72,4.14,koi
8.6,18.86,3.66,pangas
7.07,22.7,5.21,koi
8.8,17.8,3.42,pangas
7.21,21.14,3.31,silverCup
8.67,17.38,3.31,tilapia
8.09,28.18,3.93,katla
6.49,26.4,4.41,tilapia
7.33,26.69,7.08,magur
7.48,20.48,3.46,katla
8.78,17.68,3.62,pangas
8.87,29.45,6.49,rui
5.95,20.59,3.49,silverCup
7.03,30.08,3.97,pangas
8.79,18.28,3.31,pangas
8.69,17.86,3.35,tilapia
7.12,10.24,6.09,karpio
7.35,26.16,7.27,magur
7.68,29.21,4.82,rui
7.38,26.09,4.16,rui
7.91,31.89,14.65,shrimp
8.63,30.7,6.66,silverCup
7.91,21.71,3.56,katla
8.49,32.19,6.94,sing
7.08,23.54,5.53,koi
7.23,30.07,8.08,magur
7.87,25.77,3.6,tilapia
7.76,27.36,6.98,prawn
7.27,21.59,3.69,silverCup
6.05,31.32,4.83,rui
5.44,17.86,5.19,koi
7.97,32.35,5.21,rui
7.98,25.22,3.94,katla
8.26,29.75,4.96,prawn
7.24,19.0,8.42,karpio
6.45,21.17,4.83,tilapia
7.1,33.26,8.65,karpio
7.88,27.13,7.18,prawn
7.01,20.97,3.48,silverCup
7.48,20.75,3.72,sing
7.89,21.49,3.72,katla
8.65,18.17,3.58,pangas
7.42,18.92,5.37,karpio
8.29,21.53,3.66,katla
7.63,21.33,3.5,silverCup
7.79,25.84,5.95,prawn
8.69,17.94,3.43,pangas
7.67,27.69,6.6,prawn
7.52,23.05,6.47,karpio
6.42,20.78,3.5,silverCup
7.67,28.37,6.68,prawn
7.73,21.33,3.68,katla
7.01,20.98,3.42,silverCup
6.99,23.19,5.63,koi
5.98,20.98,3.67,silverCup
8.2,26.88,8.7,prawn
6.6,24.79,4.06,koi
7.15,23.86,7.38,magur
7.65,27.48,15.54,shrimp
7.83,30.1,3.88,prawn
7.83,17.36,3.3,tilapia
7.45,21.47,3.89,sing
7.5,22.38,6.39,karpio
7.87,24.51,5.73,sing
7.19,20.61,8.03,magur
8.9,27.0,7.5,rui
7.82,25.07,3.71,pangas
7.34,20.88,3.81,silverCup
8.27,30.83,3.97,katla
7.23,4.0,9.31,karpio
7.05,21.21,3.47,silverCup
7.85,20.9,3.48,sing
7.12,24.95,6.93,magur
7.53,21.05,3.49,sing
7.8,18.21,3.52,tilapia
7.23,21.04,3.43,shrimp
7.13,30.74,7.04,karpio
7.84,21.32,3.24,rui
8.0,27.07,3.81,pangas
7.05,22.1,7.85,magur
8.75,18.35,3.34,pangas
8.28,21.25,3.73,katla
6.6,26.0,4.3,tilapia
7.26,26.32,4.05,tilapia
6.68,21.19,3.58,sing
8.3,25.0,3.8,tilapia
7.48,31.09,3.09,pangas
6.92,28.76,6.15,silverCup
7.02,4.96,5.1,karpio
8.6,18.0,3.6,pangas
7.53,32.35,4.03,katla
6.11,19.23,6.09,koi
7.32,29.92,3.96,katla
7.71,18.2,3.8,tilapia
6.89,30.01,6.04,silverCup
6.01,21.2,3.33,silverCup
6.04,27.15,3.9,katla
7.1,20.56,3.29,rui
7.5,31.0,7.2,sing
7.57,30.82,6.27,prawn
6.78,21.86,5.94,koi
6.97,21.02,3.5,rui
7.64,21.34,3.6,katla
6.11,21.32,3.34,rui
6.71,25.2,4.52,tilapia
7.2,25.09,7.27,magur
6.97,21.79,6.22,karpio
7.86,29.65,7.23,prawn
7.88,21.25,3.7,katla
5.95,25.67,4.21,koi
5.45,18.02,5.04,koi
7.72,20.97,3.36,rui
7.3,20.58,3.98,shrimp
8.2,30.33,8.35,prawn
7.91,30.27,15.5,shrimp
6.9,21.06,3.57,shrimp
7.51,31.03,7.09,sing
7.56,31.69,4.09,katla
7.59,21.26,3.6,katla
7.5,14.34,9.55,karpio
6.87,21.06,3.33,rui
6.89,29.14,6.0,silverCup
8.25,35.31,4.92,rui
7.3,24.8,3.74,rui
5.48,18.32,5.09,koi
6.49,29.75,3.8,pangas
8.43,31.24,3.54,pangas
6.5,27.53,7.16,sing
7.34,24.43,2.05,pangas
7.85,17.17,3.55,tilapia
8.28,31.55,5.48,prawn
6.49,20.94,5.09,tilapia
6.99,21.19,3.56,sing
7.62,31.28,5.66,sing
7.03,29.81,5.98,silverCup
7.14,22.26,7.79,magur
7.7,21.32,3.68,sing
7.67,17.62,3.56,tilapia
6.04,26.21,4.39,koi
6.97,30.24,6.0,silverCup
7.87,25.8,5.9,prawn
8.71,17.91,3.55,tilapia
5.92,21.4,3.37,silverCup
7.68,20.78,14.92,shrimp
7.4,26.31,4.25,rui
7.51,31.2,5.52,sing
7.57,31.9,4.95,silverCup
7.21,4.36,9.18,karpio
7.0,25.0,3.2,tilapia
7.23,29.09,7.88,magur
7.48,32.08,3.95,katla
7.96,30.47,15.18,shrimp
7.81,31.62,14.47,shrimp
7.12,22.18,5.43,koi
7.1,28.26,8.02,magur
7.02,20.7,3.44,sing
7.49,30.38,5.86,sing
6.51,24.88,4.15,koi
8.88,17.96,3.43,pangas
5.94,27.02,4.04,katla
7.4,26.0,4.09,rui
6.03,25.6,4.23,koi
7.91,32.0,14.62,shrimp
6.47,21.31,3.45,silverCup
7.79,17.75,3.56,tilapia
8.17,21.03,3.45,katla
8.64,17.67,3.41,tilapia
7.3,30.11,8.31,magur
7.76,20.88,3.43,sing
7.2,19.0,8.2,karpio
7.6,28.0,5.01,rui
6.76,26.11,3.2,tilapia
7.05,23.7,7.19,magur
7.18,24.96,6.94,magur
7.32,19.71,7.99,karpio
7.83,18.07,3.61,tilapia
7.87,18.0,3.63,tilapia
7.91,25.05,5.67,sing
7.51,20.91,3.53,silverCup
6.61,24.78,4.41,tilapia
8.31,20.91,3.67,katla
7.95,28.92,7.39,prawn
8.5,30.14,4.13,koi
7.27,21.3,3.84,shrimp
7.7,21.34,14.95,shrimp
7.11,22.38,7.98,magur
8.35,21.35,3.66,katla
6.47,20.98,5.08,tilapia
7.22,20.81,3.42,silverCup
7.0,23.4,5.51,koi
6.02,25.54,4.17,koi
6.88,21.3,3.38,shrimp
6.33,20.9,3.45,silverCup
7.73,28.2,15.84,shrimp
7.2,24.0,4.07,rui
7.35,29.55,3.62,katla
6.98,4.9,4.95,karpio
7.5,27.0,1.0,pangas
8.67,18.08,3.49,pangas
6.95,21.29,3.58,shrimp
7.02,29.54,6.03,silverCup
7.92,30.19,15.14,shrimp
6.87,31.33,7.46,sing
8.9,30.17,6.78,rui
7.22,22.05,7.93,magur
7.07,24.01,7.39,magur
8.1,30.43,6.72,pangas
6.79,29.17,3.6,pangas
7.26,24.29,3.8,rui
6.01,21.36,3.8,silverCup
7.85,26.55,5.54,sing
7.24,30.09,3.89,katla
6.38,21.67,3.54,rui
7.9,25.0,5.6,sing
7.79,27.66,6.01,sing
5.85,21.33,6.16,koi
7.5,18.95,14.9,shrimp
7.9,28.0,6.1,sing
7.41,21.06,3.96,katla
8.49,32.08,5.98,sing
7.08,28.85,8.16,magur
7.6,31.93,6.17,silverCup
8.34,35.38,5.2,rui
6.14,20.73,3.9,rui
7.29,30.36,7.77,magur
8.29,31.04,5.29,prawn
7.41,18.03,14.55,shrimp
7.3,25.78,7.45,magur
7.03,21.16,3.68,sing
7.11,21.38,8.08,magur
7.18,29.6,7.88,magur
7.24,21.92,7.52,magur
7.11,20.65,3.44,sing
7.22,30.49,7.94,magur
5.96,21.43,3.67,silverCup
7.03,28.32,5.68,karpio
6.9,20.91,3.73,sing
8.28,18.11,3.44,tilapia
8.31,25.39,3.78,tilapia
6.96,30.47,6.15,silverCup
6.96,20.79,3.65,sing
8.25,27.0,8.6,prawn
6.97,27.98,4.17,koi
7.94,28.47,5.73,rui
7.55,19.68,14.63,shrimp
8.8,17.96,3.32,pangas
8.94,17.58,3.53,pangas
6.78,17.72,3.75,tilapia
8.48,32.48,5.9,sing
8.49,28.45,5.57,silverCup
7.2,35.0,8.4,karpio
7.25,25.26,6.95,magur
7.03,28.61,5.85,silverCup
7.76,27.03,6.65,prawn
6.49,25.92,4.48,tilapia
6.92,21.57,3.88,silverCup
8.75,18.88,3.33,pangas
7.14,23.98,7.32,magur
8.52,30.46,3.86,koi
5.98,20.86,5.98,koi
6.01,21.0,3.49,rui
8.92,28.25,3.56,pangas
7.54,20.74,9.31,karpio
5.74,32.31,3.8,koi
6.98,29.83,5.93,silverCup
8.1,28.0,4.0,katla
6.94,32.54,8.89,karpio
6.07,21.17,3.56,rui
8.36,25.17,5.11,rui
7.54,28.27,5.89,sing
8.71,18.31,3.43,pangas
8.25,17.12,3.41,tilapia
7.9,24.96,5.58,sing
7.53,19.07,14.52,shrimp
7.04,28.86,5.78,silverCup
7.83,25.24,15.55,shrimp
6.43,20.88,3.61,rui
7.59,28.51,4.07,koi
6.25,25.8,4.31,katla
8.17,26.7,8.54,prawn
6.12,19.44,5.92,koi
7.01,21.59,3.31,rui
6.23,25.78,4.07,tilapia
7.27,13.56,8.5,karpio
7.85,27.37,5.98,sing
6.98,29.01,5.77,silverCup
7.8,20.77,3.73,rui
7.02,29.03,5.75,silverCup
6.24,25.89,3.0,tilapia
7.45,30.06,6.23,pangas
9.03,28.38,3.58,tilapia
7.49,30.58,6.26,prawn
7.88,32.41,14.72,shrimp
7.23,31.02,7.2,karpio
7.54,30.73,6.09,prawn
8.0,28.0,5.9,pangas
8.24,29.94,5.36,prawn
8.46,32.18,5.94,sing
7.17,20.82,7.99,magur
8.3,30.33,5.12,prawn
8.62,17.84,3.59,pangas
7.47,14.07,9.5,karpio
7.36,23.6,15.0,shrimp
7.48,21.29,3.51,sing
8.33,34.38,5.4,rui
8.36,31.32,5.14,prawn
7.21,28.65,7.8,magur
6.78,20.99,3.86,shrimp
8.48,32.06,4.04,katla
6.02,17.64,3.95,tilapia
8.45,24.81,4.96,rui
6.99,21.33,3.47,rui
7.12,20.94,3.45,rui
7.37,23.58,7.38,magur
7.02,24.99,3.21,tilapia
8.2,34.0,5.07,rui
7.2,16.66,9.35,karpio
7.12,27.47,8.16,magur
5.62,26.99,7.03,tilapia
7.32,31.63,6.01,prawn
7.89,27.16,6.94,prawn
8.7,17.88,3.44,pangas
7.27,22.1,7.79,magur
7.46,21.57,3.6,katla
8.34,21.86,3.7,katla
7.22,20.93,3.53,silverCup
8.46,29.79,3.86,koi
8.19,27.13,8.37,prawn
7.37,23.04,7.74,magur
7.09,25.15,6.63,magur
6.53,31.46,5.68,katla
6.02,27.19,3.83,katla
7.81,29.14,15.98,shrimp
8.48,30.12,3.09,pangas
6.72,21.32,3.71,shrimp
7.83,17.4,3.88,tilapia
7.5,27.93,5.67,sing
8.06,21.42,3.68,katla
6.95,27.96,4.13,koi
6.84,24.82,3.94,katla
7.37,28.99,3.78,pangas
7.55,23.5,3.21,tilapia
7.64,31.98,5.21,silverCup
6.51,25.77,4.33,tilapia
8.0,30.65,4.22,koi
8.29,29.57,5.44,prawn
8.1,29.0,7.2,sing
7.15,28.19,9.61,karpio
7.03,30.59,4.23,koi
8.18,17.45,3.35,tilapia
7.56,8.08,5.35,karpio
7.6,29.0,4.13,koi
7.02,30.02,3.99,pangas
8.58,17.94,3.58,pangas
6.51,30.29,3.68,pangas
8.04,30.73,4.35,koi
7.78,21.16,3.43,katla
7.14,21.48,3.53,sing
6.45,27.65,7.02,sing
7.01,21.28,3.49,shrimp
5.82,21.15,6.09,koi
5.89,21.1,6.01,koi
8.74,17.94,3.41,tilapia
6.83,21.04,3.41,shrimp
6.04,21.46,3.58,rui
7.01,29.73,5.86,silverCup
7.77,28.25,3.97,prawn
7.26,21.61,7.75,magur
8.32,21.43,3.48,katla
7.42,21.3,3.75,katla
7.88,29.1,5.57,rui
7.27,29.99,3.94,katla
7.75,21.26,3.68,sing
7.16,15.01,7.07,karpio
7.3,25.0,2.0,pangas
8.28,30.43,5.52,prawn
7.0,28.0,4.12,koi
8.58,29.83,2.96,pangas
7.91,17.91,3.72,tilapia
8.48,26.77,2.7,pangas
7.51,13.6,9.56,karpio
6.83,22.13,6.11,koi
7.02,10.98,7.17,karpio
6.69,25.17,3.93,koi
8.68,17.74,3.15,pangas
7.02,28.56,5.7,karpio
7.35,26.28,7.37,magur
8.83,24.9,6.83,silverCup
7.52,29.3,6.18,prawn
7.59,20.18,14.84,shrimp
8.23,29.6,5.32,prawn
6.79,21.74,6.03,koi
7.13,31.4,7.23,karpio
6.96,24.64,4.25,katla
6.46,20.69,3.34,rui
7.48,30.57,6.26,prawn
8.26,31.24,5.38,prawn
8.02,25.19,4.06,katla
6.76,29.99,7.29,sing
6.87,21.77,3.61,shrimp
7.93,17.66,3.75,tilapia
7.7,28.15,6.35,prawn
5.7,32.22,4.15,koi
6.44,20.91,5.24,tilapia
7.4,29.0,8.0,karpio
8.69,17.71,3.21,pangas
7.89,26.73,6.88,prawn
6.79,22.16,6.03,koi
7.02,21.25,3.46,silverCup
6.99,27.22,8.63,karpio
6.09,21.06,3.48,rui
7.05,26.32,7.49,sing
8.74,18.13,3.37,pangas
8.23,16.86,3.81,tilapia
8.63,18.14,3.59,pangas
8.02,30.98,4.0,koi
6.88,21.12,3.64,rui
8.35,31.31,5.21,prawn
7.04,27.73,5.71,karpio
7.41,29.58,3.75,katla
8.81,17.83,3.34,pangas
5.68,31.97,4.07,koi
8.45,30.37,3.86,koi
6.04,26.18,3.96,koi
7.0,33.0,8.7,karpio
6.63,21.04,3.24,rui
7.17,27.83,5.08,pangas
6.94,20.91,3.63,shrimp
7.8,17.37,3.45,tilapia
7.38,29.1,8.15,karpio
6.9,25.0,4.0,katla
8.13,33.9,5.08,rui
6.4,21.65,3.78,silverCup
8.08,21.66,3.8,katla
7.22,28.43,8.3,magur
5.59,32.14,3.93,koi
7.55,32.17,4.94,silverCup
7.6,27.0,15.5,shrimp
7.15,29.56,4.18,katla
8.57,26.74,2.57,pangas
7.7,27.2,5.85,sing
8.33,30.39,5.17,prawn
7.2,4.0,9.3,karpio
7.44,25.72,4.1,rui
8.48,32.01,7.18,sing
7.17,27.26,9.28,karpio
7.12,28.97,3.85,katla
8.77,29.55,6.8,rui
6.84,21.18,3.13,rui
7.9,31.0,5.04,rui
7.92,29.69,5.24,rui
7.52,31.35,6.2,prawn
7.68,22.88,6.11,rui
7.14,22.85,4.25,rui
6.24,18.99,6.04,koi
7.27,12.88,8.54,karpio
6.91,21.1,3.35,rui
5.92,20.6,6.16,koi
6.01,26.95,4.1,katla
8.99,28.24,3.48,tilapia
6.78,21.53,3.65,shrimp
8.26,24.61,3.74,tilapia
6.24,28.89,3.56,koi
6.17,19.09,6.07,koi
7.48,31.86,6.35,silverCup
6.08,26.9,3.96,katla
7.1,22.0,8.0,magur
7.03,15.87,8.32,karpio
8.73,17.69,3.55,pangas
7.19,25.61,6.9,magur
7.05,28.25,9.22,karpio
7.17,35.54,8.51,karpio
8.58,18.37,3.14,tilapia
5.98,25.82,3.85,koi
7.24,24.7,6.96,magur
6.65,26.45,4.25,tilapia
7.24,4.0,9.52,karpio
6.16,28.91,3.88,koi
8.33,18.3,3.57,tilapia
7.43,23.08,7.6,magur
7.34,24.96,3.99,rui
7.5,29.08,5.83,prawn
6.05,20.86,3.74,rui
7.42,17.73,14.41,shrimp
7.99,24.92,4.05,katla
8.2,17.8,3.73,tilapia
8.63,17.64,3.15,pangas
7.8,29.0,15.8,shrimp
7.11,22.74,5.39,koi
6.19,20.57,3.4,rui
7.05,33.37,8.39,karpio
7.07,21.54,3.73,shrimp
6.1,28.74,3.94,koi
7.66,21.82,6.0,rui
6.85,21.5,3.54,shrimp
7.07,23.45,3.95,rui
7.99,25.04,4.08,katla
6.96,21.46,3.74,sing
6.96,20.85,3.53,sing
6.62,25.18,4.44,koi
7.55,29.02,4.2,koi
6.26,29.14,4.0,koi
7.58,20.97,3.52,silverCup
7.93,22.76,15.05,shrimp
7.13,29.53,6.39,karpio
7.9,30.0,4.0,prawn
7.23,20.97,8.34,magur
7.0,21.17,3.42,silverCup
8.27,29.91,8.16,prawn
6.51,21.88,3.42,silverCup
8.97,27.95,3.39,pangas
8.57,30.78,3.16,pangas
6.1,24.9,3.7,tilapia
6.98,5.35,4.84,karpio
8.22,26.7,8.58,prawn
6.15,18.54,6.14,koi
7.07,21.46,3.82,sing
7.84,29.02,7.34,prawn
7.51,21.79,3.79,katla
7.07,16.11,8.53,karpio
8.67,17.71,3.27,pangas
7.41,31.12,2.67,pangas
6.69,24.83,4.85,tilapia
9.03,27.29,3.1,tilapia
8.01,21.71,3.45,katla
7.5,22.63,7.51,magur
7.21,4.0,9.26,karpio
5.92,20.82,6.07,koi
6.26,28.41,4.02,koi
6.5,20.64,4.85,tilapia
6.0,26.0,4.11,koi
7.06,22.17,7.99,magur
7.03,25.21,3.33,tilapia
7.53,26.99,5.2,rui
7.98,25.23,4.2,katla
7.89,29.18,7.02,prawn
7.27,20.82,3.81,rui
7.16,25.06,6.93,magur
7.07,27.65,8.13,magur
7.06,15.97,8.38,karpio
8.25,27.29,8.57,prawn
7.44,17.83,5.22,karpio
7.4,27.0,8.0,magur
8.15,28.65,6.93,sing
7.49,22.72,7.37,magur
7.0,22.0,6.2,karpio
7.29,21.9,7.68,magur
7.24,24.44,7.01,magur
7.52,25.2,9.3,karpio
5.7,32.0,4.08,koi
7.83,22.78,15.28,shrimp
7.21,23.57,7.12,magur
7.74,21.2,3.54,sing
7.39,28.58,5.96,prawn
7.25,29.83,4.06,katla
8.37,31.23,5.04,prawn
7.05,30.11,5.83,silverCup
8.54,31.77,6.33,sing
8.34,24.48,5.17,rui
7.86,26.02,6.11,prawn
6.91,20.79,3.5,silverCup
7.58,28.12,5.0,rui
7.69,27.71,5.94,sing
7.6,32.29,5.91,silverCup
8.81,18.24,3.4,pangas
5.96,20.92,6.05,koi
8.36,30.71,5.06,prawn
7.69,27.6,6.82,prawn
8.37,17.67,3.62,tilapia
7.08,23.09,3.94,rui
7.96,22.81,15.37,shrimp
7.28,29.98,8.06,magur
7.92,30.12,15.37,shrimp
7.65,20.85,3.26,rui
7.82,28.64,6.04,sing
6.97,21.65,3.64,sing
7.69,21.79,3.68,katla
7.0,26.0,7.5,sing
6.96,20.65,3.71,sing
5.98,21.34,3.61,silverCup
7.1,20.75,3.63,silverCup
8.31,30.8,5.39,prawn
7.36,21.34,3.76,shrimp
8.47,30.29,3.15,pangas
7.64,30.63,6.92,pangas
7.03,22.08,7.68,magur
8.06,31.88,5.04,rui
6.8,21.6,3.91,shrimp
8.09,21.37,3.62,katla
7.9,27.12,7.24,prawn
8.86,27.21,7.61,rui
7.03,11.68,7.33,karpio
8.7,29.37,4.26,koi
7.32,26.75,7.02,magur
8.7,17.87,3.53,pangas
6.8,26.24,3.35,tilapia
7.58,27.66,15.46,shrimp
6.96,30.02,6.02,silverCup
8.4,24.99,5.11,rui
7.78,27.32,4.16,prawn
8.15,21.43,3.52,katla
7.4,18.91,14.83,shrimp
7.7,22.16,5.8,rui
8.08,29.02,7.27,sing
7.78,20.81,3.25,rui
5.95,20.88,3.66,silverCup
6.88,21.92,5.86,koi
7.0,20.65,3.41,shrimp
8.74,18.07,3.4,pangas
7.1,16.0,8.3,karpio
7.1,28.29,9.25,karpio
8.23,30.42,7.91,prawn
6.55,21.29,3.57,silverCup
7.8,21.41,3.45,sing
7.86,27.47,5.63,sing
7.29,17.84,5.56,karpio
7.0,22.29,6.09,karpio
7.17,20.98,7.84,magur
7.33,25.19,7.21,magur
8.26,31.33,5.43,prawn
7.11,21.06,3.45,rui
7.26,21.28,7.86,magur
7.6,30.98,6.09,prawn
6.98,30.03,5.76,silverCup
7.44,22.54,7.41,magur
7.52,29.36,4.25,koi
7.23,19.34,8.34,karpio
7.05,27.88,8.19,magur
7.86,20.96,3.69,katla
7.29,29.98,8.07,magur
8.68,18.15,3.27,tilapia
7.12,20.8,3.58,rui
5.48,17.6,4.94,koi
5.66,32.88,4.27,koi
6.47,23.59,4.09,tilapia
6.45,21.69,3.43,silverCup
7.21,12.86,8.14,karpio
6.99,21.23,3.56,silverCup
7.4,25.01,7.54,karpio
6.23,18.83,6.04,koi
7.08,22.87,4.15,rui
7.86,28.95,15.69,shrimp
7.86,24.75,5.8,sing
7.33,29.84,3.98,katla
7.31,22.11,7.6,magur
7.55,19.75,14.63,shrimp
7.9,25.14,5.9,sing
6.55,25.75,4.35,tilapia
7.51,18.84,14.96,shrimp
7.54,31.19,7.11,sing
7.2,28.09,7.88,magur
7.45,23.02,7.53,magur
7.82,29.23,16.0,shrimp
7.15,16.02,8.14,karpio
8.2,30.0,6.8,pangas
7.58,21.56,3.35,silverCup
7.54,25.03,8.96,karpio
7.47,24.53,9.01,karpio
6.97,21.4,3.46,sing
7.02,28.27,5.6,karpio
6.42,21.19,3.57,silverCup
5.98,26.95,4.21,katla
6.7,25.0,4.5,tilapia
7.01,24.13,7.47,magur
7.34,23.14,7.42,magur
7.0,20.77,3.7,rui
7.3,20.97,3.7,rui
7.13,21.19,3.7,sing
6.13,20.94,3.61,silverCup
6.1,21.38,3.44,silverCup
6.91,31.18,7.56,sing
7.03,31.16,4.01,koi
7.0,10.71,7.37,karpio
7.48,17.71,14.53,shrimp
6.66,20.36,3.21,rui
7.88,21.08,3.71,rui
7.42,25.75,4.14,rui
7.05,21.13,3.33,sing
8.12,21.1,3.87,katla
7.12,21.73,7.93,magur
7.07,24.31,7.19,magur
7.75,20.55,3.58,rui
7.13,22.79,5.63,koi
7.92,28.11,6.24,sing
7.06,9.99,6.27,karpio
6.83,20.94,3.57,shrimp
7.1,24.0,7.4,magur
7.59,30.95,7.23,sing
7.97,32.2,5.18,rui
7.27,31.84,5.75,prawn
7.12,23.06,5.9,koi
7.85,21.26,3.53,rui
7.89,21.58,3.37,rui
6.84,21.31,3.73,shrimp
5.9,25.0,5.5,tilapia
7.0,28.0,5.5,karpio
8.55,30.08,4.26,koi
6.21,25.95,4.1,katla
6.86,29.97,7.17,sing
7.86,25.88,5.97,prawn
8.61,18.76,3.52,tilapia
6.5,21.0,5.0,tilapia
7.49,27.02,1.11,pangas
7.04,28.61,5.92,silverCup
8.28,25.08,3.92,tilapia
8.09,31.21,4.11,koi
6.92,21.24,3.66,silverCup
7.21,18.77,7.99,karpio
7.76,30.41,5.05,rui
7.9,30.0,15.19,shrimp
7.86,28.8,7.05,prawn
7.37,27.21,8.0,magur
7.08,23.07,5.6,koi
7.78,24.82,3.52,tilapia
7.24,32.25,5.83,prawn
6.95,4.44,4.95,karpio
5.99,21.15,3.39,rui
7.98,21.07,3.66,katla
6.92,21.01,3.47,shrimp
6.57,28.66,7.13,sing
7.92,21.5,3.61,katla
6.55,25.84,4.26,tilapia
5.92,20.74,6.19,koi
7.48,20.89,9.09,karpio
7.14,31.14,7.19,karpio
6.88,29.69,6.15,silverCup
7.51,27.83,4.97,rui
7.31,20.8,3.5,silverCup
8.29,31.02,5.24,prawn
6.83,22.32,5.96,koi
7.52,30.8,7.17,sing
7.53,21.44,3.68,katla
7.02,28.04,6.01,tilapia
8.57,17.87,3.46,tilapia
8.49,31.39,3.56,pangas
6.91,21.06,3.45,shrimp
6.9,24.77,3.96,katla
8.74,17.18,3.57,pangas
8.18,28.59,7.45,sing
8.54,29.67,4.13,koi
8.27,34.83,5.36,rui
6.52,28.4,3.84,katla
7.62,31.01,6.1,prawn
6.54,29.64,3.89,pangas
7.25,21.2,3.63,silverCup
7.89,25.95,6.0,prawn
6.2,26.0,4.1,katla
7.29,22.07,7.79,magur
8.55,30.16,2.97,pangas
7.83,21.06,3.56,sing
8.16,33.39,5.19,rui
7.22,24.74,7.0,magur
7.16,25.89,4.2,tilapia
6.09,20.73,3.49,rui
7.42,29.98,4.03,katla
8.28,30.81,4.91,prawn
7.42,29.37,6.33,prawn
7.65,32.65,5.96,silverCup
8.86,18.08,3.64,pangas
7.54,29.29,6.18,prawn
7.43,18.15,5.78,karpio
7.44,31.66,6.32,prawn
7.2,23.84,7.4,magur
7.75,21.06,3.41,rui
7.93,29.24,7.25,prawn
8.16,17.75,3.56,tilapia
7.24,20.65,3.27,rui
7.83,26.85,6.85,prawn
7.19,20.9,7.84,magur
6.01,21.09,3.56,silverCup
7.66,22.5,5.94,rui
7.21,29.68,8.22,magur
8.63,30.98,2.78,pangas
5.6,18.27,5.02,koi
6.44,24.02,4.23,tilapia
6.04,26.0,3.87,koi
7.3,30.02,7.98,magur
8.94,26.73,7.5,rui
5.75,31.79,4.2,koi
8.44,27.87,5.56,silverCup
7.09,16.27,8.4,karpio
7.55,32.11,4.84,silverCup
7.26,25.97,4.08,tilapia
7.87,26.8,6.99,prawn
6.49,21.25,3.63,silverCup
7.64,26.92,15.01,shrimp
6.03,26.34,4.23,koi
7.01,21.53,3.48,sing
7.08,21.64,3.39,rui
8.12,31.38,3.92,katla
5.76,32.43,4.04,koi
7.22,29.44,8.13,magur
7.71,21.6,3.6,sing
7.68,21.93,6.04,rui
7.19,28.9,8.14,magur
8.46,31.95,5.92,sing
7.48,21.56,3.62,katla
7.11,21.25,3.56,silverCup
8.51,29.71,3.86,koi
7.23,29.31,3.92,katla
5.98,21.31,3.7,silverCup
7.79,27.19,5.55,sing
6.48,21.36,3.26,rui
8.81,17.56,3.63,pangas
7.95,27.25,3.97,katla
7.19,32.13,5.7,prawn
8.76,17.95,3.27,pangas
7.25,21.08,3.53,silverCup
8.81,17.78,3.44,pangas
5.49,17.91,4.82,koi
7.03,28.91,5.83,silverCup
7.17,11.62,7.63,karpio
5.63,27.39,6.64,tilapia
6.98,20.66,3.35,silverCup
8.68,17.89,3.34,tilapia
6.0,26.78,3.64,katla
7.88,26.95,5.69,sing
6.13,21.34,3.48,silverCup
8.7,17.45,3.3,pangas
7.5,31.0,5.8,sing
8.27,17.55,3.62,tilapia
7.5,23.49,6.19,karpio
6.83,27.19,6.95,tilapia
6.03,20.92,3.41,silverCup
8.0,27.41,3.57,pangas
8.53,28.06,5.83,silverCup
8.06,21.05,3.61,katla
7.49,31.37,6.06,prawn
7.1,28.0,9.4,karpio
8.3,30.98,3.89,katla
7.22,21.27,3.38,rui
7.43,26.79,8.25,magur
7.5,25.53,7.36,karpio
6.96,30.57,7.43,sing
7.07,22.19,6.17,karpio
7.12,30.47,6.49,karpio
7.9,26.22,5.95,prawn
5.9,26.35,3.96,koi
8.1,21.55,3.41,katla
7.26,30.2,4.14,katla
8.78,24.44,6.93,silverCup
8.58,29.75,4.23,koi
7.19,21.97,7.81,magur
6.84,21.15,3.59,sing
7.16,27.88,7.83,magur
8.75,17.93,3.54,pangas
7.51,28.2,5.74,prawn
7.19,24.43,6.93,magur
7.32,21.07,3.44,shrimp
7.46,26.77,8.23,magur
7.9,27.15,6.02,pangas
8.24,29.75,7.93,prawn
6.8,27.0,7.2,tilapia
7.54,26.29,15.4,shrimp
7.38,30.95,7.83,magur
7.49,19.87,14.81,shrimp
8.3,25.29,3.89,tilapia
6.93,21.12,3.57,silverCup
8.23,29.87,8.02,prawn
7.28,17.76,5.38,karpio
6.5,30.0,3.8,pangas
7.06,10.88,6.99,karpio
6.98,21.52,3.72,silverCup
7.28,22.08,7.52,magur
6.84,21.13,3.56,silverCup
5.99,20.96,3.48,rui
7.12,31.25,7.48,karpio
8.19,17.76,3.75,tilapia
7.0,20.88,3.38,shrimp
6.75,30.35,7.59,sing
7.21,20.9,7.76,magur
8.26,29.57,5.31,prawn
6.87,21.19,3.6,shrimp
7.02,27.63,8.02,magur
6.61,20.93,3.72,sing
8.44,18.06,3.49,tilapia
8.72,18.29,3.73,pangas
7.34,18.02,5.51,karpio
7.11,21.98,8.17,magur
7.36,26.94,7.93,magur
6.91,20.71,3.33,shrimp
8.21,30.14,8.26,prawn
7.4,21.29,3.64,shrimp
5.93,20.62,6.26,koi
6.16,30.8,4.82,rui
6.68,21.0,3.32,rui
6.57,25.04,4.42,koi
7.05,30.59,7.05,karpio
7.25,25.99,7.18,magur
6.24,18.93,6.32,koi
7.84,17.45,3.4,tilapia
8.54,32.0,5.92,sing
7.39,29.22,3.75,pangas
7.92,21.2,3.53,katla
7.48,20.01,14.8,shrimp
7.34,22.0,7.66,magur
8.35,35.12,5.24,rui
7.5,21.25,3.6,katla
7.56,27.85,5.74,sing
6.0,21.12,3.56,silverCup
7.95,24.98,15.17,shrimp
6.23,18.55,6.26,koi
7.38,21.15,3.43,katla
6.97,20.97,3.55,silverCup
7.15,23.74,7.45,magur
8.3,21.2,3.72,katla
6.56,31.31,5.59,katla
8.63,17.98,3.47,pangas
8.21,26.83,8.58,prawn
6.98,4.85,4.94,karpio
7.04,20.68,3.66,sing
8.81,18.38,3.61,pangas
6.51,25.21,3.85,koi
7.01,4.73,5.1,karpio
5.97,20.97,3.63,rui
7.96,17.75,3.41,tilapia
8.33,29.68,6.75,pangas
8.31,17.69,3.56,tilapia
7.3,25.0,4.08,rui
9.0,28.0,3.5,pangas
7.06,23.42,5.6,koi
7.22,28.65,8.03,magur
8.07,21.12,3.46,katla
7.52,27.74,6.12,sing
6.1,20.38,3.66,rui
8.68,17.28,3.18,pangas
6.69,17.47,3.69,tilapia
6.95,21.12,3.44,sing
7.76,21.03,3.64,katla
5.51,27.31,6.89,tilapia
7.85,26.66,5.79,sing
7.0,5.0,5.0,karpio
6.41,21.12,3.41,shrimp
6.63,26.37,4.0,tilapia
8.32,34.6,5.04,rui
8.6,30.82,3.26,pangas
7.0,21.0,3.46,rui
7.09,9.55,5.96,karpio
7.59,31.0,6.73,pangas
7.94,29.12,7.26,prawn
7.09,21.82,7.86,magur
7.1,28.0,6.1,tilapia
6.85,21.1,3.05,rui
7.0,21.62,3.53,silverCup
8.47,31.83,6.12,sing
7.8,27.0,5.7,pangas
7.59,28.38,5.62,sing
7.78,27.53,3.89,prawn
8.78,17.87,3.48,pangas
8.14,30.44,7.91,prawn
7.39,23.25,7.48,magur
7.02,26.33,7.46,sing
7.22,19.08,8.35,karpio
8.55,29.69,4.06,koi
8.34,35.52,5.01,rui
8.48,30.72,3.54,pangas
7.3,32.0,5.8,prawn
7.78,27.24,7.17,prawn
7.05,23.82,7.38,magur
6.77,21.1,3.65,shrimp
8.84,29.83,6.8,rui
5.89,25.14,5.43,tilapia
7.1,23.0,4.06,rui
7.72,27.92,6.48,prawn
7.21,4.0,9.31,karpio
5.9,25.73,5.55,tilapia
5.98,26.1,4.24,koi
7.06,24.41,7.53,magur
7.21,21.31,7.87,magur
7.31,21.82,7.54,magur
7.8,27.67,4.38,prawn
6.53,25.92,3.99,tilapia
8.77,17.93,3.35,tilapia
7.85,28.61,15.62,shrimp
7.64,30.6,6.2,prawn
7.55,27.15,1.04,pangas
8.35,17.14,3.69,tilapia
7.59,20.47,14.75,shrimp
6.71,21.47,3.61,sing
7.37,21.16,3.77,katla
7.0,21.1,3.53,shrimp
6.58,31.39,5.75,katla
8.59,17.8,3.27,tilapia
6.04,25.93,4.02,koi
7.9,32.0,14.6,shrimp
8.16,27.22,8.57,prawn
7.44,21.1,3.7,shrimp
7.14,34.9,8.65,karpio
6.42,24.17,4.26,tilapia
6.72,21.44,6.18,koi
7.6,31.0,6.7,pangas
6.53,24.96,4.21,koi
7.03,26.62,8.66,karpio
8.01,26.82,4.05,katla
7.44,28.78,6.42,prawn
8.19,29.81,7.05,pangas
8.23,27.42,8.45,prawn
8.34,30.7,5.22,prawn
7.64,32.11,6.13,silverCup
7.51,31.43,6.16,prawn
7.99,21.95,3.52,katla
5.91,27.23,4.06,katla
8.32,17.68,3.54,tilapia
7.43,30.93,5.84,prawn
7.69,32.3,4.98,silverCup
7.05,5.38,5.11,karpio
6.91,20.97,3.81,shrimp
7.93,30.0,4.17,prawn
5.85,21.08,5.87,koi
6.09,25.82,4.29,katla
8.47,30.25,3.83,koi
8.03,17.66,3.66,tilapia
5.84,21.06,6.14,koi
7.02,32.87,8.74,karpio
7.43,31.18,7.29,sing
6.49,28.21,4.26,katla
7.06,21.15,3.46,rui
7.42,18.19,14.56,shrimp
7.16,34.67,8.66,karpio
8.41,17.56,3.43,tilapia
7.38,18.23,4.77,karpio
6.22,29.5,4.0,koi
7.88,17.75,3.55,tilapia
7.91,30.4,4.05,prawn
8.03,31.89,4.85,rui
6.92,30.08,6.17,silverCup
6.48,21.19,3.57,silverCup
8.8,18.31,3.49,pangas
7.16,24.88,6.94,magur
6.75,28.41,3.6,pangas
7.92,28.93,7.07,prawn
6.43,20.74,3.76,silverCup
7.49,19.06,14.63,shrimp
7.91,25.16,15.52,shrimp
5.79,32.01,4.11,koi
8.18,28.45,7.12,sing
7.93,29.97,4.19,prawn
7.32,26.01,7.08,magur
7.61,31.48,6.26,silverCup
7.35,29.59,3.97,katla
7.1,30.0,6.5,karpio
7.91,24.69,5.82,sing
6.7,24.78,4.17,tilapia
7.7,28.04,4.8,rui
7.6,21.6,6.0,rui
6.89,30.44,7.39,sing
7.09,28.02,7.77,magur
7.41,26.9,8.09,magur
7.08,26.63,8.18,karpio
7.1,28.7,5.79,silverCup
6.04,21.2,3.28,rui
6.19,26.24,4.22,katla
8.03,20.89,3.49,katla
7.67,17.38,3.55,tilapia
7.69,29.24,4.2,koi
7.43,30.85,5.97,sing
8.67,17.69,3.4,pangas
7.58,31.85,6.16,silverCup
7.41,25.08,7.4,karpio
7.22,20.64,3.57,silverCup
5.57,26.57,6.79,tilapia
6.47,21.67,3.71,silverCup
7.89,25.69,6.12,prawn
7.91,25.39,3.75,katla
7.3,31.76,5.89,prawn
7.98,26.97,3.84,pangas
7.52,21.55,3.59,katla
7.6,32.0,5.0,silverCup
8.05,21.33,3.46,katla
8.55,31.89,6.11,sing
8.26,17.76,3.66,tilapia
6.03,20.98,3.48,silverCup
7.58,19.55,14.63,shrimp
6.52,21.12,3.33,rui
6.23,18.69,6.1,koi
6.29,18.74,6.02,koi
7.02,34.44,8.81,karpio
7.66,21.91,6.24,rui
6.91,21.24,3.43,silverCup
7.35,32.02,6.11,prawn
7.42,21.91,3.78,shrimp
7.1,34.0,8.6,karpio
6.97,21.38,3.35,silverCup
7.94,25.11,15.39,shrimp
6.03,21.13,3.66,silverCup
6.01,27.4,3.85,katla
7.73,21.15,3.42,katla
8.16,29.78,5.16,prawn
7.37,29.56,7.78,karpio
7.94,31.98,14.56,shrimp
7.03,20.87,3.33,rui
6.44,20.51,3.34,rui
7.9,25.0,5.9,sing
8.47,31.69,6.96,sing
8.16,17.62,3.55,tilapia
7.72,24.66,4.0,pangas
8.55,30.6,3.06,pangas
8.51,26.67,2.37,pangas
7.94,31.27,4.28,koi
7.87,29.92,4.93,rui
5.93,21.08,3.6,silverCup
5.8,32.93,4.17,koi
7.8,22.37,15.12,shrimp
7.99,26.62,3.87,pangas
7.06,21.87,7.8,magur
5.92,20.53,6.01,koi
8.27,31.17,4.07,katla
7.11,18.65,7.89,karpio
7.54,21.12,3.6,katla
8.75,17.65,3.49,pangas
6.64,20.96,3.63,sing
8.0,32.0,5.05,rui
7.19,25.09,7.03,magur
7.62,20.98,3.51,katla
7.18,24.07,4.16,rui
7.06,33.99,8.87,karpio
7.46,18.35,14.77,shrimp
8.56,30.7,3.13,pangas
6.92,20.99,3.61,shrimp
6.19,25.77,4.08,tilapia
8.24,26.96,8.59,prawn
6.71,20.44,3.76,sing
7.15,21.14,3.77,shrimp
7.36,21.29,3.7,shrimp
8.37,18.09,3.38,tilapia
8.57,27.06,2.48,pangas
8.19,29.97,8.01,prawn
7.47,23.12,6.47,karpio
7.83,20.81,3.8,sing
7.51,25.62,8.9,karpio
5.96,20.87,3.66,silverCup
7.9,30.03,4.03,prawn
7.68,17.12,3.66,tilapia
7.65,29.18,4.11,koi
8.64,30.69,3.3,pangas
7.91,30.46,3.88,prawn
7.87,26.71,5.31,sing
7.8,25.0,3.9,pangas
7.35,24.64,7.57,karpio
6.8,30.13,7.15,sing
7.89,21.05,3.76,katla
8.69,17.94,3.48,pangas
7.03,4.69,4.97,karpio
7.93,29.16,6.92,prawn
5.95,25.24,5.62,tilapia
6.14,28.68,4.25,koi
7.11,28.42,8.07,magur
7.9,29.0,7.2,prawn
7.3,25.83,7.23,magur
6.43,21.3,3.52,silverCup
6.98,30.23,3.71,pangas
7.57,27.62,5.73,sing
6.03,21.05,3.62,silverCup
7.37,17.68,5.45,karpio
7.11,27.42,7.95,magur
6.97,30.42,5.98,silverCup
7.09,23.5,5.7,koi
7.76,28.13,15.72,shrimp
7.75,26.92,5.49,sing
8.91,17.2,3.57,pangas
5.85,20.88,6.04,koi
6.87,30.24,3.94,katla
8.44,28.3,5.67,silverCup
6.57,20.74,3.53,shrimp
8.54,31.91,5.82,sing
6.99,27.92,4.24,koi
7.68,21.46,3.56,katla
8.4,25.0,5.0,rui
8.65,17.35,3.48,pangas
7.19,34.29,8.51,karpio
7.8,21.34,3.56,sing
6.98,21.26,3.69,shrimp
8.06,29.24,7.44,sing
8.4,27.83,5.87,silverCup
6.98,25.3,3.94,katla
7.21,21.44,3.6,shrimp
7.44,22.52,7.54,magur
5.37,18.0,5.05,koi
5.94,20.97,3.41,silverCup
8.17,21.14,3.69,katla
8.65,30.94,3.33,pangas
7.26,22.03,7.67,magur
7.26,29.34,7.79,magur
8.0,27.33,3.76,pangas
6.1,21.05,3.44,rui
8.22,29.53,6.81,pangas
7.89,22.91,15.28,shrimp
6.04,20.68,3.47,rui
6.56,28.4,4.1,katla
7.31,22.61,7.64,magur
7.52,19.23,14.72,shrimp
8.05,25.15,4.03,katla
6.13,18.91,6.09,koi
8.2,30.21,8.22,prawn
7.05,29.8,5.72,silverCup
7.47,21.16,3.4,katla
7.38,21.48,3.87,katla
6.53,26.13,3.74,tilapia
6.08,21.21,3.56,silverCup
6.95,20.82,3.77,silverCup
6.98,20.84,3.3,rui
8.37,30.94,5.52,prawn
6.01,26.49,4.0,koi
8.3,30.89,5.48,prawn
7.16,11.86,7.66,karpio
7.89,23.13,15.18,shrimp
8.51,30.51,2.83,pangas
8.62,30.13,3.79,koi
7.79,26.6,5.7,sing
6.87,25.18,4.25,katla
7.37,21.35,3.49,shrimp
7.92,21.23,3.71,katla
8.21,30.35,6.72,pangas
7.77,17.78,3.52,tilapia
6.0,20.89,3.77,silverCup
7.82,18.08,3.14,tilapia
7.84,20.89,3.47,sing
7.42,18.4,14.54,shrimp
6.01,21.06,3.31,rui
7.03,20.97,3.43,rui
7.0,30.0,6.0,silverCup
6.07,26.52,4.26,koi
7.82,28.05,6.46,prawn
7.77,28.14,5.61,pangas
8.6,27.97,5.56,silverCup
7.49,31.14,7.08,sing
7.41,28.38,3.69,pangas
8.51,30.3,6.64,silverCup
7.24,21.5,7.88,magur
8.64,17.79,3.68,pangas
6.83,22.02,5.87,koi
8.79,17.93,3.55,tilapia
7.15,28.1,7.97,magur
7.97,26.43,6.04,prawn
7.88,25.05,5.09,sing
6.79,17.95,3.49,tilapia
6.28,26.09,3.41,tilapia
6.49,20.85,3.62,silverCup
7.48,31.5,5.79,sing
7.32,22.32,7.42,magur
8.21,30.5,7.68,prawn
7.9,24.82,5.49,sing
7.63,20.84,3.27,rui
7.9,29.54,4.86,rui
7.26,21.25,3.62,shrimp
7.79,21.89,15.57,shrimp
7.63,28.14,5.96,sing
7.78,26.52,7.17,prawn
7.27,21.44,3.71,silverCup
8.82,18.06,3.54,pangas
8.79,17.64,3.51,pangas
7.38,22.04,7.75,magur
7.78,27.5,5.51,sing
6.8,21.25,3.61,shrimp
8.59,30.72,3.47,pangas
5.72,31.99,4.08,koi
5.95,20.7,6.01,koi
6.78,29.54,7.35,sing
7.99,30.54,4.08,koi
7.3,26.1,7.3,magur
6.01,21.2,3.15,silverCup
7.61,28.93,4.31,koi
6.17,29.29,4.08,koi
7.4,18.37,14.58,shrimp
6.46,21.15,3.44,shrimp
6.92,21.98,6.02,karpio
6.4,21.6,3.56,silverCup
8.33,30.19,5.05,prawn
7.0,27.4,5.47,karpio
7.26,25.06,7.15,magur
7.05,20.47,3.23,rui
7.77,21.69,3.63,sing
8.19,17.71,3.79,tilapia
8.42,30.71,3.91,pangas
7.24,28.99,3.96,katla
6.93,20.89,3.14,rui
8.48,30.75,3.4,pangas
5.75,31.54,3.66,koi
8.66,17.92,3.25,pangas
7.05,27.63,6.16,tilapia
7.41,23.36,7.41,magur
6.75,21.3,3.39,shrimp
7.08,23.22,7.35,magur
7.08,21.33,3.33,rui
8.11,27.59,4.07,katla
6.96,21.19,3.72,silverCup
8.19,17.75,3.56,tilapia
8.72,17.75,3.3,tilapia
8.03,30.81,3.97,koi
5.68,31.88,4.25,koi
7.27,13.06,8.48,karpio
6.97,30.94,3.96,koi
7.52,20.92,3.6,rui
7.6,32.0,6.1,silverCup
7.84,27.48,4.31,prawn
6.08,17.94,3.47,tilapia
7.68,28.42,4.21,prawn
7.75,20.41,3.53,sing
6.99,30.03,5.85,silverCup
7.16,28.1,9.34,karpio
7.54,20.82,3.45,rui
6.04,27.26,3.91,katla
8.1,33.0,5.06,rui
7.62,27.9,6.14,sing
7.26,26.57,7.31,magur
7.53,31.04,5.86,sing
6.91,20.95,3.54,sing
7.89,21.45,3.54,katla
7.08,22.69,5.26,koi
7.12,21.58,3.33,silverCup
8.3,31.29,5.23,prawn
7.7,21.0,14.9,shrimp
8.32,21.65,3.65,katla
7.78,25.85,6.18,prawn
7.09,21.62,8.08,magur
7.51,32.39,5.02,silverCup
6.36,23.86,4.15,tilapia
7.95,25.94,5.82,prawn
7.04,31.06,4.13,koi
7.11,16.51,9.31,karpio
7.78,21.16,3.66,sing
8.13,27.93,3.86,katla
7.1,28.2,9.23,karpio
6.04,27.15,3.87,katla
7.24,4.0,9.43,karpio
7.99,26.01,5.88,prawn
5.83,31.67,4.3,koi
8.1,28.63,6.96,sing
6.85,27.38,7.15,tilapia
8.24,27.05,8.67,prawn
7.51,26.19,9.7,karpio
7.47,20.73,3.22,rui
6.22,19.36,5.89,koi
6.52,21.05,5.18,tilapia
7.38,9.14,6.35,karpio
8.07,27.7,5.92,pangas
7.35,18.17,14.39,shrimp
8.7,18.13,3.48,pangas
8.17,30.7,3.9,katla
6.75,21.36,3.34,sing
7.77,29.98,5.02,rui
5.98,17.63,3.58,tilapia
8.8,17.55,3.48,pangas
5.48,17.79,4.83,koi
7.55,25.91,15.47,shrimp
8.93,27.59,3.71,pangas
7.78,25.2,5.73,sing
7.77,17.62,3.59,tilapia
8.85,27.04,7.44,rui
6.15,25.11,4.09,tilapia
8.48,31.72,6.92,sing
7.2,16.65,9.53,karpio
7.06,4.82,5.08,karpio
7.08,22.77,5.7,koi
7.8,30.0,5.03,rui
6.74,22.06,6.05,koi
7.35,17.84,14.46,shrimp
6.2,30.7,4.74,rui
5.98,21.23,3.77,silverCup
6.85,21.86,6.0,koi
6.99,21.24,3.62,sing
7.5,23.0,6.4,karpio
7.72,28.46,6.69,prawn
7.37,24.94,2.14,pangas
7.4,30.1,6.34,pangas
8.1,32.35,5.25,rui
6.11,27.19,4.08,katla
8.33,30.93,5.31,prawn
6.82,21.27,3.57,shrimp
7.87,21.25,3.61,katla
6.98,20.82,3.28,rui
7.01,21.2,3.39,shrimp
8.46,31.8,3.79,katla
7.04,28.09,3.87,koi
7.46,25.75,10.14,karpio
7.3,21.57,3.69,shrimp
7.47,31.09,6.16,prawn
6.36,20.99,3.6,silverCup
8.51,27.89,5.53,silverCup
7.46,7.82,5.09,karpio
7.74,24.66,3.74,pangas
7.56,27.87,5.68,sing
7.45,28.93,6.04,prawn
7.89,21.68,3.8,katla
8.86,17.94,3.44,pangas
8.54,29.88,6.44,silverCup
5.81,21.12,5.85,koi
7.2,30.62,3.83,katla
7.16,27.67,7.95,magur
8.32,17.94,3.42,tilapia
6.1,20.49,3.49,rui
7.44,30.95,6.21,prawn
7.5,31.36,7.2,sing
7.03,21.29,3.64,sing
7.56,25.76,15.23,shrimp
8.47,28.1,5.48,silverCup
6.98,30.27,4.09,katla
8.11,17.65,3.65,tilapia
8.22,29.75,8.05,prawn
7.92,32.03,14.7,shrimp
8.81,17.61,3.52,tilapia
6.18,24.12,2.59,tilapia
8.26,30.3,5.29,prawn
6.96,24.54,3.26,tilapia
7.08,22.19,8.0,magur
8.45,30.92,3.55,pangas
7.38,23.16,7.63,magur
5.89,26.27,4.3,koi
8.91,26.86,7.32,rui
6.56,31.47,5.35,katla
6.51,21.19,3.61,shrimp
8.82,30.59,6.87,rui
6.07,21.18,3.66,silverCup
7.61,19.69,14.7,shrimp
7.59,30.58,5.83,sing
6.99,26.63,8.64,karpio
6.54,25.21,4.05,koi
6.89,30.27,7.4,sing
8.08,26.63,3.91,katla
7.36,24.84,1.92,pangas
7.33,25.57,2.97,tilapia
7.35,32.7,5.67,prawn
8.43,24.78,4.95,rui
6.5,28.0,4.12,katla
8.23,21.5,3.52,katla
7.49,30.65,7.42,sing
7.96,30.68,5.2,rui
6.54,26.62,4.23,tilapia
6.66,24.67,4.54,tilapia
6.87,30.91,7.46,sing
8.8,17.9,3.68,pangas
7.8,24.85,3.52,pangas
7.24,24.8,6.95,magur
7.15,24.05,4.27,rui
7.01,21.89,6.19,karpio
8.08,28.05,3.87,katla
7.83,21.39,3.51,katla
7.4,30.04,3.95,katla
7.48,28.94,5.63,prawn
7.79,28.17,6.36,prawn
6.78,21.69,3.51,shrimp
7.64,28.15,15.61,shrimp
7.52,13.62,9.72,karpio
7.85,31.47,14.52,shrimp
8.3,31.0,5.3,prawn
7.66,28.8,4.9,rui
7.09,20.52,3.52,sing
7.78,27.22,6.99,prawn
7.12,21.35,8.15,magur
5.97,26.58,3.99,katla
6.95,20.81,3.68,sing
5.96,20.69,3.58,silverCup
7.9,29.0,5.5,rui
7.55,20.84,9.5,karpio
8.3,17.81,3.43,tilapia
8.3,31.21,5.12,prawn
7.18,35.38,8.29,karpio
6.05,20.87,3.58,rui
7.94,26.01,5.87,prawn
7.13,33.68,8.58,karpio
7.45,25.69,4.06,rui
7.0,30.0,4.0,pangas
6.84,21.92,5.81,koi
7.24,20.82,8.05,magur
8.18,27.05,8.57,prawn
7.88,27.81,4.11,prawn
6.94,31.17,4.14,koi
5.96,26.02,4.18,koi
8.11,21.77,3.58,katla
7.61,27.01,15.35,shrimp
7.29,35.18,8.35,karpio
8.08,17.86,3.45,tilapia
6.46,21.34,3.63,rui
8.68,17.84,3.54,pangas
7.83,28.42,4.38,prawn
6.01,21.26,3.56,rui
7.26,21.14,7.97,magur
7.97,29.15,7.27,prawn
7.2,14.81,7.1,karpio
8.84,26.32,2.85,tilapia
6.93,21.0,3.47,rui
6.39,21.16,3.63,silverCup
7.09,28.31,6.04,tilapia
7.89,25.27,5.65,sing
7.6,28.23,4.89,rui
7.03,27.78,8.18,magur
6.01,21.38,3.56,silverCup
8.0,21.51,3.58,katla
7.26,25.78,7.61,magur
7.66,28.2,16.0,shrimp
7.33,21.87,7.38,magur
7.77,25.44,3.56,tilapia
8.53,32.03,5.93,sing
7.54,21.28,3.59,katla
7.12,24.86,6.7,magur
7.38,22.62,7.48,magur
7.93,30.02,3.74,prawn
8.52,32.48,4.07,katla
8.77,17.67,3.59,pangas
7.27,26.01,7.31,magur
7.59,23.19,6.31,karpio
7.65,31.97,4.98,silverCup
8.81,17.59,3.42,pangas
7.06,28.06,9.25,karpio
7.85,25.1,15.38,shrimp
7.83,26.38,5.93,prawn
7.38,26.27,3.03,tilapia
8.79,17.94,3.5,tilapia
7.11,21.4,7.83,magur
8.2,31.0,4.0,katla
7.4,24.03,15.15,shrimp
8.04,26.82,3.69,pangas
6.46,20.8,4.79,tilapia
8.72,18.22,3.47,tilapia
6.01,21.03,3.39,rui
8.3,17.95,3.31,tilapia
7.6,28.0,5.9,sing
5.72,32.2,4.14,koi
8.5,32.37,6.02,sing
7.33,20.32,8.16,karpio
7.13,27.71,9.52,karpio
6.75,30.27,6.89,sing
7.93,20.87,3.49,rui
7.52,20.46,3.29,rui
7.79,26.72,7.2,prawn
7.08,25.89,3.89,tilapia
6.01,25.98,3.93,koi
6.98,30.74,4.15,koi
7.38,31.24,2.78,pangas
7.43,29.09,5.92,prawn
7.22,27.58,4.93,pangas
7.48,17.77,5.15,karpio
6.2,29.18,4.1,koi
7.36,25.59,10.14,karpio
6.04,21.22,3.4,silverCup
6.84,30.9,7.5,sing
7.1,23.0,5.5,koi
6.43,20.86,3.64,silverCup
8.37,29.98,5.35,prawn
8.22,27.25,8.48,prawn
8.94,27.24,7.33,rui
7.15,29.85,6.46,karpio
7.87,26.47,6.22,prawn
6.79,20.8,3.77,shrimp
7.89,30.36,4.06,koi
6.12,21.38,3.7,silverCup
7.65,20.01,14.75,shrimp
7.35,29.35,7.82,magur
6.09,21.04,3.59,rui
7.75,21.45,6.13,rui
7.26,31.77,5.74,prawn
7.43,21.19,3.61,katla
7.08,30.45,6.63,karpio
5.96,20.65,6.25,koi
8.77,18.67,3.56,tilapia
7.48,28.93,8.09,karpio
7.43,17.91,5.31,karpio
6.37,21.15,3.52,silverCup
6.51,27.96,7.08,sing
8.12,17.61,3.52,tilapia
7.68,21.25,3.84,silverCup
7.97,21.07,3.35,katla
6.96,21.34,3.6,sing
8.75,18.22,3.48,pangas
7.25,25.74,7.57,magur
8.51,29.75,2.92,pangas
6.93,21.36,3.56,rui
7.04,23.31,3.79,rui
8.22,31.04,5.43,prawn
7.82,30.15,4.13,prawn
8.71,17.27,3.4,pangas
7.5,21.06,3.57,sing
7.3,25.64,7.46,magur
6.6,21.26,3.48,shrimp
8.65,17.24,3.48,pangas
7.68,17.52,3.63,tilapia
7.15,21.25,3.46,silverCup
8.88,24.96,7.05,silverCup
8.2,17.75,3.72,tilapia
8.68,17.96,3.4,pangas
7.87,26.55,5.81,prawn
8.79,18.2,3.62,pangas
7.68,21.28,4.0,katla
7.64,21.03,3.52,rui
7.91,24.54,5.58,sing
8.01,27.9,6.05,sing
5.97,26.08,4.23,koi
8.46,32.64,3.82,katla
7.73,26.54,7.07,prawn
6.96,30.3,5.88,silverCup
6.86,30.63,7.09,sing
7.17,20.77,3.39,rui
6.99,21.15,3.23,rui
7.15,23.89,7.4,magur
8.26,17.84,3.53,tilapia
7.86,20.75,3.14,rui
7.08,28.3,9.31,karpio
7.62,29.04,3.81,koi
6.68,17.72,3.59,tilapia
6.09,26.6,3.9,koi
7.14,28.02,8.17,magur
8.18,17.66,3.53,tilapia
8.88,17.72,3.72,pangas
7.3,32.52,5.93,prawn
7.64,21.85,6.03,rui
7.44,21.34,3.37,katla
7.4,31.0,3.0,pangas
7.51,21.5,3.47,katla
7.04,27.02,8.21,karpio
8.38,32.47,6.16,sing
8.45,29.89,3.1,pangas
6.99,28.71,5.91,silverCup
6.99,21.69,3.68,shrimp
7.3,26.0,7.3,magur
8.04,26.83,3.61,katla
7.69,32.36,4.97,silverCup
8.46,31.87,4.17,katla
7.79,26.72,7.01,prawn
7.88,28.26,4.0,prawn
7.79,26.97,5.7,sing
5.8,32.0,4.23,koi
7.71,27.86,6.59,prawn
8.27,24.53,3.95,tilapia
7.53,31.85,4.32,katla
8.19,30.29,7.91,prawn
8.02,21.58,3.72,katla
7.9,26.0,3.53,tilapia
8.78,17.92,3.45,pangas
7.69,28.0,6.02,pangas
6.44,21.05,3.77,shrimp
7.7,21.15,14.94,shrimp
8.52,18.1,3.38,tilapia
7.24,20.88,3.5,silverCup
7.7,21.31,3.6,katla
7.37,5.57,9.47,karpio
6.93,21.31,3.4,silverCup
7.26,21.28,3.58,shrimp
5.98,26.21,4.03,koi
7.29,22.34,7.63,magur
7.08,22.3,8.21,magur
7.23,25.25,7.08,magur
7.3,24.91,1.85,pangas
7.74,26.69,5.63,pangas
7.82,24.83,3.05,tilapia
7.55,25.1,9.15,karpio
6.92,29.49,5.91,silverCup
7.74,27.42,5.54,sing
7.09,21.19,3.23,rui
7.26,26.15,7.31,magur
7.71,28.08,15.4,shrimp
7.8,27.07,5.49,sing
7.17,22.78,5.43,koi
7.84,21.63,3.61,katla
7.0,21.01,3.52,rui
7.12,21.64,3.48,silverCup
7.78,28.31,5.94,pangas
8.59,28.01,5.56,silverCup
7.07,20.6,3.45,silverCup
8.14,20.56,3.72,katla
7.68,31.21,6.78,pangas
7.88,30.0,4.23,prawn
7.35,20.68,3.28,rui
7.27,25.85,3.98,tilapia
6.99,30.48,6.08,silverCup
8.68,17.72,3.67,pangas
7.86,20.43,3.48,sing
6.48,21.0,3.46,rui
8.2,29.93,5.62,prawn
5.74,31.81,4.0,koi
8.31,22.22,3.7,katla
7.21,35.25,8.4,karpio
7.6,26.23,15.46,shrimp
6.51,29.6,3.8,pangas
7.54,31.91,4.89,silverCup
8.2,24.0,3.7,tilapia
8.35,31.11,5.31,prawn
7.49,31.49,7.16,sing
6.21,28.97,4.03,koi
8.59,17.74,3.57,pangas
7.11,9.66,6.37,karpio
7.48,29.04,5.89,prawn
6.85,22.16,5.73,koi
8.74,18.21,3.49,pangas
7.68,31.9,5.93,silverCup
7.06,28.15,9.2,karpio
7.06,20.99,3.57,sing
6.96,21.07,3.17,rui
7.83,17.72,3.42,tilapia
7.58,27.26,15.35,shrimp
7.77,28.35,15.51,shrimp
7.86,25.78,15.36,shrimp
8.42,27.06,2.52,pangas
9.07,27.79,3.38,tilapia
7.64,32.18,5.23,silverCup
7.9,27.28,5.39,sing
8.28,29.56,5.34,prawn
7.56,30.9,7.16,sing
7.89,27.36,5.72,sing
6.13,23.93,2.95,tilapia
7.27,32.29,5.39,prawn
7.3,30.07,7.96,magur
7.65,21.35,3.84,katla
7.27,20.03,7.83,karpio
6.23,26.29,4.11,katla
7.47,30.55,6.05,prawn
7.92,29.16,7.04,prawn
7.42,14.46,9.48,karpio
7.3,21.71,7.8,magur
7.84,26.14,5.87,prawn
6.91,20.93,3.77,shrimp
7.38,27.03,7.95,magur
7.34,26.21,9.96,karpio
7.83,30.4,4.23,prawn
8.61,18.23,3.45,pangas
6.79,29.4,3.57,pangas
6.45,21.36,3.51,shrimp
7.95,30.86,4.22,koi
8.51,30.25,2.98,pangas
7.8,27.0,7.0,prawn
7.25,6.04,9.19,karpio
7.4,29.0,3.7,pangas
8.68,18.16,3.34,tilapia
6.49,27.73,4.01,katla
5.97,20.65,3.68,silverCup
5.99,24.61,5.69,tilapia
7.86,25.38,3.39,tilapia
8.29,17.36,3.55,tilapia
8.68,17.52,3.55,pangas
7.52,27.92,6.08,sing
6.7,21.37,3.2,rui
6.79,21.23,3.63,shrimp
6.03,21.27,3.62,silverCup
7.68,27.73,15.74,shrimp
7.16,20.34,8.18,magur
5.97,21.26,3.62,silverCup
7.78,21.04,3.6,sing
6.1,31.0,4.9,rui
7.23,11.97,7.78,karpio
7.44,31.29,7.18,sing
7.81,17.28,3.43,tilapia
8.29,18.15,3.61,tilapia
7.13,27.84,7.99,magur
7.37,25.99,2.92,tilapia
8.16,30.5,5.16,prawn
8.04,25.18,3.86,katla
8.4,34.99,5.07,rui
7.53,26.36,15.4,shrimp
6.13,30.82,5.13,rui
7.8,22.0,15.1,shrimp
7.32,25.54,6.91,magur
6.94,31.23,7.68,sing
7.28,19.8,8.26,karpio
6.93,30.5,7.55,sing
7.32,27.41,7.91,magur
7.23,28.66,7.98,magur
7.5,28.94,6.18,prawn
6.6,25.86,3.88,koi
6.96,21.39,3.61,shrimp
7.3,20.47,7.61,karpio
6.08,20.69,3.76,silverCup
6.52,20.87,4.79,tilapia
7.43,28.35,3.62,pangas
7.57,24.21,3.42,tilapia
8.0,31.48,5.05,rui
6.95,21.02,3.56,sing
8.1,28.34,3.99,katla
5.52,17.9,4.99,koi
6.73,21.35,3.31,rui
7.15,22.07,7.77,magur
7.24,13.34,8.61,karpio
6.92,30.35,3.97,pangas
6.9,20.7,3.64,sing
6.58,30.34,3.73,pangas
7.26,29.86,4.13,katla
7.53,31.42,6.22,prawn
8.53,29.46,3.95,koi
6.78,22.13,5.91,koi
6.94,31.03,4.25,koi
7.2,25.02,6.84,magur
7.79,29.42,7.0,prawn
6.85,21.24,3.32,rui
5.69,31.92,4.04,koi
7.45,26.64,8.04,magur
5.84,25.07,5.4,tilapia
7.32,31.25,2.79,pangas
6.45,20.89,5.0,tilapia
7.29,26.49,3.97,tilapia
7.84,29.69,5.12,rui
8.05,27.57,4.24,katla
7.11,22.41,5.33,koi
7.96,23.17,15.22,shrimp
8.21,30.78,3.8,katla
7.27,25.57,7.32,magur
7.77,28.7,15.91,shrimp
7.49,25.99,4.13,rui
6.92,25.06,4.11,katla
6.17,26.03,4.12,katla
7.3,21.24,7.99,magur
8.1,21.41,3.8,katla
7.15,28.59,7.76,magur
7.04,27.85,5.93,tilapia
7.19,28.88,7.99,magur
6.01,17.9,3.38,tilapia
7.91,25.32,15.12,shrimp
7.42,25.47,10.05,karpio
7.26,21.32,3.5,silverCup
7.39,18.12,14.5,shrimp
5.91,20.89,6.02,koi
6.94,31.1,4.03,koi
7.74,21.6,3.68,katla
7.85,17.89,3.52,tilapia
8.76,18.39,3.35,pangas
8.83,17.75,3.5,pangas
6.88,20.56,3.74,rui
7.15,21.22,3.3,silverCup
6.4,26.05,4.18,tilapia
6.84,21.0,3.78,rui
7.83,26.87,5.69,sing
6.68,17.89,3.47,tilapia
7.6,21.12,3.56,silverCup
7.15,25.48,6.95,magur
7.82,24.79,5.5,sing
7.35,22.16,7.66,magur
5.97,26.05,4.07,koi
7.22,21.03,8.05,magur
8.54,17.44,3.49,tilapia
7.84,27.72,6.03,pangas
7.35,22.95,7.57,magur
6.46,20.75,3.66,rui
7.38,7.23,9.13,karpio
6.5,21.24,3.55,rui
6.87,20.99,3.25,rui
7.77,28.36,6.5,prawn
8.1,17.6,3.22,tilapia
7.06,28.32,7.8,magur
7.4,25.07,7.36,karpio
7.83,21.33,3.34,sing
7.83,20.87,3.43,rui
7.77,26.69,5.8,pangas
7.3,26.88,7.95,magur
6.37,20.82,3.44,rui
8.23,30.21,7.12,pangas
8.56,30.7,4.03,koi
7.68,31.72,5.83,silverCup
7.98,25.4,6.02,sing
6.78,21.25,3.62,shrimp
8.56,17.29,3.36,pangas
7.24,21.88,7.64,magur
8.53,30.5,2.91,pangas
7.99,28.46,3.79,katla
8.0,21.01,3.86,katla
7.13,27.75,9.71,karpio
6.42,28.14,4.42,katla
7.39,28.76,7.79,karpio
7.66,20.1,14.61,shrimp
8.14,21.84,3.71,katla
7.52,30.73,5.94,sing
8.23,24.32,3.77,tilapia
6.64,21.05,3.8,sing
5.6,27.0,6.8,tilapia
7.46,21.39,3.46,shrimp
8.0,25.0,4.0,katla
8.62,17.94,3.33,tilapia
5.45,17.99,4.87,koi
6.56,24.98,4.02,koi
7.6,20.7,3.6,rui
7.29,21.59,3.41,shrimp
6.09,20.98,3.63,silverCup
6.48,20.66,3.45,rui
7.19,34.87,8.62,karpio
6.84,30.32,7.17,sing
7.8,21.47,15.55,shrimp
8.09,27.7,3.98,katla
7.1,27.7,4.07,koi
8.52,30.02,3.01,pangas
7.0,21.52,3.75,sing
7.84,29.14,7.02,prawn
7.33,21.28,3.63,silverCup
7.02,27.59,4.25,koi
7.5,31.0,6.2,prawn
7.43,30.74,6.41,prawn
6.83,21.38,3.48,rui
7.7,21.57,14.7,shrimp
7.01,5.31,4.78,karpio
6.82,21.64,3.54,sing
7.27,20.9,8.22,magur
6.94,28.14,3.98,koi
6.07,20.67,3.59,silverCup
7.5,26.25,15.57,shrimp
8.73,17.81,3.45,pangas
7.44,21.61,3.65,shrimp
6.08,26.03,3.88,koi
7.51,20.89,3.49,rui
7.15,29.13,7.87,magur
7.81,24.86,5.86,sing
6.86,31.09,7.44,sing
5.47,17.64,4.84,koi
7.0,11.0,7.3,karpio
8.04,28.26,5.76,pangas
6.51,29.93,4.01,pangas
7.88,21.51,3.61,katla
6.02,21.06,3.56,silverCup
7.54,27.13,15.5,shrimp
6.52,27.86,4.12,katla
7.72,18.09,3.8,tilapia
7.8,28.0,6.0,pangas
6.83,21.24,3.46,shrimp
6.42,20.49,3.56,rui
7.15,22.84,5.48,koi
8.65,17.75,3.44,tilapia
7.08,25.26,6.88,magur
8.42,30.14,2.84,pangas
7.35,30.9,3.03,pangas
7.26,20.97,7.83,magur
7.79,24.94,4.05,pangas
7.68,20.81,15.15,shrimp
6.89,5.13,4.92,karpio
7.6,32.07,6.14,silverCup
8.04,31.12,4.22,koi
7.79,22.41,14.75,shrimp
7.6,31.63,4.95,silverCup
7.17,20.78,3.52,shrimp
5.99,20.57,3.66,rui
6.84,22.27,5.97,koi
6.15,28.92,3.86,koi
7.59,21.14,9.12,karpio
7.15,25.21,6.8,magur
8.57,29.94,6.66,silverCup
7.33,29.76,7.71,magur
7.72,31.74,5.31,silverCup
5.83,20.98,6.26,koi
7.4,22.95,6.49,karpio
7.07,21.79,8.15,magur
7.49,21.08,3.41,shrimp
6.03,21.24,3.22,rui
7.13,23.45,5.41,koi
7.02,29.55,5.99,silverCup
7.46,22.65,7.57,magur
7.31,14.89,6.93,karpio
8.64,31.11,3.49,pangas
6.77,21.69,3.37,shrimp
7.29,30.32,8.22,magur
7.66,21.08,3.59,silverCup
8.48,28.38,5.77,silverCup
7.1,28.0,8.0,magur
6.58,28.24,7.4,sing
6.71,21.03,3.55,sing
8.35,29.69,7.74,prawn
7.13,20.88,8.02,magur
7.93,28.8,7.21,prawn
7.2,19.1,8.12,karpio
7.24,29.02,3.99,katla
8.29,18.11,3.62,tilapia
7.34,30.17,7.81,magur
7.57,27.68,5.72,sing
6.51,20.78,3.77,shrimp
6.06,30.37,5.1,rui
7.66,32.08,5.96,silverCup
6.29,29.28,3.96,koi
7.76,27.82,4.14,prawn
7.33,5.78,9.33,karpio
6.46,20.92,3.43,rui
7.07,22.1,8.14,magur
7.62,29.14,3.9,koi
7.38,24.64,14.99,shrimp
7.58,29.2,5.17,rui
7.65,28.27,5.75,sing
6.52,30.65,5.68,katla
6.82,20.77,3.58,rui
8.67,17.93,3.46,pangas
7.64,21.32,3.62,sing
7.13,21.51,3.37,silverCup
8.58,30.94,3.06,pangas
7.12,25.13,6.91,magur
8.77,17.9,3.55,pangas
7.78,27.97,6.54,prawn
7.3,31.77,5.85,prawn
7.25,32.0,5.58,prawn
6.99,29.96,4.02,pangas
7.12,24.31,7.53,magur
8.3,30.0,5.3,prawn
7.19,28.74,3.88,katla
7.72,27.7,15.68,shrimp
7.37,31.22,2.81,pangas
7.3,20.95,3.66,silverCup
7.36,25.73,3.99,rui
6.47,21.08,3.54,silverCup
7.97,31.46,4.07,koi
8.46,30.25,3.16,pangas
8.77,17.94,3.47,pangas
8.99,27.9,3.23,pangas
7.0,10.51,6.03,karpio
6.54,30.84,5.49,katla
7.32,31.98,5.54,prawn
7.27,13.03,8.43,karpio
6.53,31.01,5.51,katla
7.18,20.67,8.21,magur
7.08,22.24,7.96,magur
7.3,32.1,5.65,prawn
5.95,21.09,3.54,silverCup
7.39,20.88,3.55,shrimp
7.83,26.23,6.0,prawn
7.86,26.89,5.73,sing
7.78,31.94,14.57,shrimp
5.7,31.76,3.96,koi
7.48,26.09,15.49,shrimp
7.9,26.0,6.0,prawn
6.0,17.82,3.6,tilapia
7.48,31.82,3.95,katla
6.08,31.06,4.98,rui
6.9,31.0,7.4,sing
6.98,5.32,4.99,karpio
6.96,21.29,3.72,sing
7.05,27.77,8.16,magur
5.96,20.47,3.74,silverCup
6.93,20.9,3.58,shrimp
8.31,30.11,5.29,prawn
7.51,25.52,7.47,karpio
7.97,30.25,15.05,shrimp
8.25,30.72,5.16,prawn
7.38,21.51,3.72,silverCup
8.56,29.85,3.72,koi
7.58,31.9,5.15,silverCup
6.48,21.07,3.54,silverCup
8.41,29.89,5.32,prawn
6.87,21.15,3.57,shrimp
7.81,26.31,6.95,prawn
7.61,31.81,4.14,katla
7.24,21.52,3.75,shrimp
8.04,24.52,3.84,katla
7.4,23.19,7.52,magur
7.49,20.69,9.22,karpio
7.43,17.76,14.45,shrimp
7.48,20.76,3.41,rui
7.81,20.5,3.61,rui
7.46,31.22,3.08,pangas
7.06,21.54,7.98,magur
8.59,29.49,6.56,silverCup
7.12,29.12,8.11,magur
7.35,22.07,7.74,magur
8.15,28.36,4.39,katla
8.8,18.17,3.32,pangas
7.79,27.89,4.03,prawn
6.58,24.58,4.13,koi
7.11,21.17,3.4,shrimp
7.46,20.8,3.42,rui
7.3,30.0,4.0,katla
8.18,30.21,5.18,prawn
6.6,29.37,7.16,sing
8.77,17.9,3.43,pangas
7.36,29.26,8.03,karpio
8.69,17.8,3.32,pangas
7.43,20.48,3.57,rui
7.0,31.01,3.76,koi
7.12,34.17,8.67,karpio
7.14,25.09,7.02,magur
6.87,27.35,7.22,tilapia
7.52,31.75,6.16,prawn
8.35,21.34,3.25,katla
6.73,17.3,3.59,tilapia
8.48,32.44,4.05,katla
8.92,18.16,3.48,pangas
5.63,27.07,6.59,tilapia
7.2,35.07,8.63,karpio
6.56,27.82,4.1,katla
6.74,21.24,3.38,sing
7.25,20.88,3.75,silverCup
7.25,4.0,9.51,karpio
8.16,27.06,8.38,prawn
8.04,28.04,4.26,katla
7.54,29.07,5.9,prawn
7.34,29.28,3.69,pangas
7.05,21.47,3.46,sing
7.88,21.06,3.56,katla
7.22,20.65,3.63,rui
7.33,30.44,7.83,magur
8.77,18.17,3.39,tilapia
7.33,25.12,3.96,rui
8.48,31.96,5.98,sing
5.89,20.99,5.98,koi
7.1,31.0,7.2,karpio
6.76,22.05,5.82,koi
6.6,25.0,4.13,koi
7.94,21.1,3.58,katla
6.56,29.03,7.17,sing
8.5,32.0,4.0,katla
8.29,34.86,5.15,rui
8.78,24.91,6.95,silverCup
7.47,25.17,8.89,karpio
7.9,31.26,5.15,rui
7.88,21.12,3.63,katla
8.4,17.73,3.66,tilapia
7.6,20.94,3.45,rui
7.94,25.24,15.09,shrimp
6.03,21.07,3.6,silverCup
7.59,27.26,15.62,shrimp
7.38,18.28,14.61,shrimp
8.78,18.28,3.52,pangas
8.53,18.02,3.52,pangas
7.79,22.93,15.24,shrimp
7.61,20.47,3.46,rui
8.59,31.88,4.03,katla
7.17,25.06,7.04,magur
7.7,27.46,6.55,prawn
6.8,26.25,2.84,tilapia
8.63,30.89,3.0,pangas
8.11,21.92,3.59,katla
8.32,17.56,3.43,tilapia
7.27,6.81,9.12,karpio
8.46,32.07,7.29,sing
8.29,17.69,3.63,tilapia
7.0,22.04,8.12,magur
8.05,27.81,4.29,katla
7.9,30.88,4.75,rui
6.96,26.93,8.33,karpio
7.04,28.19,5.59,karpio
7.83,27.78,4.27,prawn
7.6,32.17,4.95,silverCup
8.1,28.93,7.34,sing
8.28,30.58,5.22,prawn
7.87,28.6,5.41,rui
7.34,32.03,5.78,prawn
7.82,27.79,5.94,pangas
8.89,18.12,3.37,pangas
7.97,26.15,5.97,prawn
7.1,10.0,6.0,karpio
7.95,17.98,3.67,tilapia
6.45,24.13,4.01,tilapia
8.9,18.13,3.3,pangas
7.69,21.08,14.87,shrimp
7.01,20.69,3.54,silverCup
6.14,20.89,3.2,rui
6.02,25.44,3.84,koi
7.81,20.87,3.51,sing
7.46,31.95,4.21,katla
6.84,30.06,3.93,pangas
7.43,17.76,14.71,shrimp
7.28,22.23,7.39,magur
7.5,20.89,3.78,shrimp
7.54,22.66,6.48,karpio
6.14,26.07,4.17,katla
6.51,21.19,3.65,silverCup
7.43,17.88,14.49,shrimp
8.29,31.01,5.45,prawn
6.59,28.78,7.0,sing
6.48,21.42,3.39,shrimp
7.81,27.17,5.67,sing
7.47,26.85,7.93,magur
7.59,32.23,6.01,silverCup
6.47,20.96,4.72,tilapia
6.97,20.91,3.63,silverCup
8.11,17.92,3.38,tilapia
7.14,20.38,7.99,magur
7.84,27.83,3.69,prawn
7.32,6.49,9.0,karpio
7.39,18.09,5.19,karpio
6.17,19.07,6.21,koi
7.2,16.11,8.36,karpio
8.3,20.96,3.79,katla
7.23,21.84,7.67,magur
6.82,26.75,7.1,tilapia
6.14,24.25,2.96,tilapia
7.11,23.39,4.05,rui
7.67,29.04,15.77,shrimp
6.48,20.75,4.99,tilapia
7.88,24.96,15.34,shrimp
7.66,19.88,14.91,shrimp
8.19,30.33,6.47,pangas
7.51,30.11,5.61,sing
7.04,21.94,8.31,magur
7.63,21.34,3.51,sing
7.34,32.34,5.72,prawn
6.25,25.77,3.89,katla
7.12,30.19,6.43,karpio
7.34,23.11,7.37,magur
7.75,21.12,14.75,shrimp
7.99,27.39,3.69,pangas
8.01,17.9,3.67,tilapia
7.25,12.54,8.4,karpio
7.9,27.82,6.22,sing
8.2,29.72,7.98,prawn
8.82,24.95,6.99,silverCup
8.61,18.12,3.59,pangas
6.58,24.73,4.27,koi
6.03,27.62,4.0,katla
7.89,21.72,3.65,katla
6.91,21.1,3.62,sing
7.11,20.8,3.52,sing
7.44,20.54,3.75,rui
5.88,25.8,4.18,koi
7.4,18.0,14.5,shrimp
8.81,17.66,3.37,tilapia
6.71,21.13,3.52,sing
7.33,21.81,7.56,magur
8.85,17.93,3.51,pangas
7.52,21.79,3.57,katla
8.34,21.05,3.48,katla
7.39,25.87,3.0,tilapia
7.5,30.31,6.45,pangas
7.88,22.74,14.98,shrimp
7.77,29.38,15.73,shrimp
7.1,20.9,8.14,magur
7.13,23.69,7.6,magur
6.98,21.4,3.58,silverCup
7.82,26.92,5.54,sing
7.21,35.1,8.3,karpio
7.59,27.79,5.78,sing
7.28,31.78,5.85,prawn
7.2,17.0,9.3,karpio
6.49,21.24,3.42,rui
7.27,22.21,7.78,magur
8.02,31.33,4.45,koi
8.81,17.65,3.53,pangas
8.61,17.79,3.52,tilapia
6.29,29.23,4.08,koi
7.01,29.1,5.74,silverCup
6.92,28.52,4.33,koi
6.47,20.97,3.93,shrimp
6.89,21.5,3.71,sing
8.11,29.09,7.19,sing
6.1,24.0,3.0,tilapia
5.97,26.99,3.73,katla
7.47,26.94,8.03,magur
7.37,18.12,14.62,shrimp
8.81,17.34,3.52,tilapia
8.84,29.93,6.91,rui
8.32,30.7,5.54,prawn
6.22,19.17,6.25,koi
5.99,21.6,3.49,silverCup
5.98,20.92,3.53,silverCup
6.91,21.54,3.53,rui
7.24,21.0,3.44,rui
7.1,23.42,5.56,koi
8.79,18.33,3.39,tilapia
7.8,21.16,14.95,shrimp
6.75,30.2,4.16,katla
7.54,21.57,3.47,sing
6.0,27.08,3.88,katla
6.43,25.95,4.07,tilapia
7.34,31.81,5.93,prawn
7.86,27.38,6.97,prawn
7.03,28.74,5.84,silverCup
7.3,18.0,5.4,karpio
8.49,30.25,3.93,koi
7.07,21.12,3.57,sing
5.53,17.72,4.94,koi
7.85,27.04,5.38,sing
5.93,21.5,3.55,silverCup
7.57,28.18,5.7,sing
6.99,20.87,3.67,shrimp
7.15,25.41,7.05,magur
7.31,30.7,4.06,katla
8.52,27.79,5.87,silverCup
7.27,23.2,7.52,magur
7.22,4.0,9.45,karpio
5.69,32.07,3.91,koi
7.85,29.59,3.73,prawn
7.2,20.7,7.92,magur
7.93,28.85,7.17,prawn
6.76,24.99,4.27,katla
7.41,26.69,8.03,magur
7.03,30.76,4.18,koi
6.07,21.06,3.57,silverCup
8.14,33.5,5.11,rui
8.16,27.7,4.01,katla
7.65,27.85,15.69,shrimp
6.04,20.66,3.31,rui
7.28,29.95,8.03,magur
6.22,18.7,6.09,koi
8.14,21.5,3.52,katla
7.7,29.0,5.02,rui
7.73,21.49,3.73,katla
6.95,21.51,3.66,silverCup
6.04,20.93,3.26,silverCup
7.51,30.91,6.18,prawn
6.72,21.48,3.63,sing
8.67,30.13,6.5,silverCup
8.47,31.18,3.56,pangas
7.14,20.94,3.54,sing
7.12,24.9,6.97,magur
8.7,18.12,3.42,pangas
7.23,35.17,8.56,karpio
7.43,23.15,7.62,magur
7.8,28.0,4.11,prawn
6.45,30.12,5.57,katla
8.8,30.0,6.8,rui
8.32,30.88,5.38,prawn
7.8,27.27,5.59,sing
7.05,20.5,3.54,silverCup
6.76,30.63,4.11,katla
7.85,31.51,5.08,rui
6.59,25.1,3.96,koi
7.54,30.79,5.85,sing
8.04,21.97,3.92,katla
6.0,21.04,3.58,silverCup
7.55,20.1,14.74,shrimp
6.42,26.39,3.5,tilapia
7.68,17.2,3.61,tilapia
6.67,17.22,3.51,tilapia
6.09,21.06,3.56,silverCup
5.84,20.49,5.73,koi
6.7,28.95,3.66,pangas
7.66,21.68,5.89,rui
6.1,20.75,3.69,silverCup
7.59,30.88,6.62,pangas
6.48,21.36,3.37,rui
7.7,22.0,6.0,rui
7.69,28.29,6.54,prawn
7.94,25.77,5.96,prawn
8.12,29.05,7.09,sing
7.2,29.23,7.88,magur
7.45,23.84,14.94,shrimp
7.58,27.07,15.36,shrimp
7.5,31.26,7.34,sing
7.88,29.46,3.91,prawn
7.76,26.77,5.55,pangas
7.35,30.15,8.31,magur
7.22,24.73,7.03,magur
7.42,29.08,5.99,prawn
8.23,29.97,7.93,prawn
7.62,19.72,14.97,shrimp
8.22,29.8,7.81,prawn
7.58,21.34,3.12,sing
5.61,17.81,4.77,koi
7.93,32.36,14.33,shrimp
6.53,25.19,4.33,koi
8.13,28.26,3.93,katla
6.8,28.3,3.82,pangas
7.8,21.3,3.38,sing
6.55,30.71,5.47,katla
6.01,26.9,4.07,koi
7.84,25.0,5.96,sing
7.03,30.78,4.37,koi
7.09,24.39,7.45,magur
7.86,29.93,3.84,prawn
7.41,25.43,9.74,karpio
7.05,28.07,4.28,koi
5.76,32.51,4.16,koi
6.81,20.96,3.63,shrimp
7.3,26.14,7.09,magur
7.41,26.86,7.73,magur
7.45,13.58,9.72,karpio
7.42,26.14,7.87,magur
6.74,29.71,7.3,sing
7.11,34.15,8.71,karpio
7.4,26.62,7.73,magur
6.93,20.98,3.69,shrimp
8.11,17.32,3.51,tilapia
7.79,24.69,3.4,tilapia
6.54,21.18,3.47,rui
8.21,17.69,3.34,tilapia
8.45,31.52,3.37,pangas
7.46,27.27,7.79,magur
7.41,23.25,7.6,magur
8.6,30.82,2.91,pangas
8.54,32.22,3.96,katla
6.65,29.29,7.26,sing
7.41,29.1,5.84,prawn
6.21,29.15,4.07,koi
6.86,24.62,3.96,katla
7.61,13.76,9.37,karpio
7.2,15.0,7.0,karpio
6.46,21.6,3.42,silverCup
6.98,31.07,7.19,sing
7.13,23.25,5.46,koi
6.75,29.83,7.21,sing
5.98,20.94,3.51,rui
8.0,26.0,3.6,tilapia
7.21,24.91,6.97,magur
8.68,18.38,3.71,pangas
8.76,17.82,3.37,pangas
5.67,32.11,3.97,koi
7.41,23.05,7.4,magur
7.17,22.95,4.15,rui
7.76,28.38,15.82,shrimp
7.18,4.0,9.13,karpio
8.72,17.94,3.25,pangas
8.69,18.07,3.59,pangas
6.99,29.12,5.81,silverCup
7.42,27.09,5.07,rui
7.61,19.14,14.68,shrimp
8.21,17.14,3.66,tilapia
8.5,29.62,4.05,koi
5.66,26.98,6.83,tilapia
7.3,25.97,7.38,magur
6.77,30.31,7.43,sing
7.59,27.81,5.77,sing
7.4,30.0,6.2,pangas
7.41,27.28,8.08,magur
7.8,21.3,3.62,katla
7.06,21.11,3.19,rui
7.74,26.75,7.2,prawn
8.55,31.0,3.41,pangas
5.48,18.05,4.86,koi
6.87,21.1,3.52,silverCup
7.21,29.81,8.09,magur
7.32,26.27,7.3,magur
7.0,31.0,4.05,koi
7.55,27.18,15.26,shrimp
8.6,30.0,6.5,silverCup
7.66,28.2,6.52,prawn
8.96,27.48,3.1,tilapia
6.03,17.79,3.54,tilapia
7.86,27.42,4.26,prawn
6.77,22.17,5.94,koi
7.0,11.02,7.0,karpio
7.0,21.18,3.26,rui
6.14,25.38,3.62,tilapia
8.04,21.47,3.66,katla
8.05,27.33,4.18,katla
7.09,15.98,8.39,karpio
8.52,18.01,3.48,tilapia
7.16,4.0,9.36,karpio
8.71,18.02,3.28,tilapia
8.3,29.93,5.31,prawn
7.67,21.54,3.56,silverCup
7.06,28.04,4.13,koi
7.84,30.42,3.8,prawn
7.72,21.93,5.82,rui
6.95,21.12,3.58,sing
7.18,35.06,8.56,karpio
7.66,20.48,15.03,shrimp
7.42,25.62,10.14,karpio
6.42,20.94,3.47,rui
7.78,21.05,3.7,sing
8.84,18.1,3.25,pangas
7.5,14.33,9.52,karpio
8.41,31.84,3.88,katla
5.99,27.43,4.14,katla
6.98,27.7,5.25,karpio
6.97,22.36,6.41,karpio
7.56,31.64,4.25,katla
8.26,30.97,5.39,prawn
7.84,17.69,3.55,tilapia
6.88,21.2,3.57,shrimp
8.0,31.0,4.15,koi
8.82,18.51,3.59,pangas
6.5,26.0,4.2,tilapia
7.12,23.85,7.37,magur
9.02,27.92,3.32,pangas
8.51,32.06,7.07,sing
7.06,10.92,7.13,karpio
8.36,24.84,4.8,rui
8.14,30.94,3.87,katla
8.07,27.88,3.92,katla
7.05,33.7,8.48,karpio
7.95,30.77,3.93,koi
7.35,23.18,7.41,magur
7.82,17.96,3.46,tilapia
7.3,7.0,9.2,karpio
7.07,20.78,3.38,rui
5.44,17.93,4.95,koi
7.31,21.0,3.56,silverCup
7.79,21.89,5.87,rui
8.51,31.94,6.7,sing
7.41,28.39,7.96,karpio
7.45,20.85,9.14,karpio
5.43,17.79,5.29,koi
7.05,21.05,3.53,shrimp
7.48,31.31,7.22,sing
5.52,18.14,4.89,koi
7.66,28.26,6.49,prawn
6.07,31.37,4.97,rui
8.47,29.67,4.13,koi
7.25,21.16,3.58,silverCup
6.04,27.16,3.96,katla
7.42,22.97,7.42,magur
6.5,31.0,5.5,katla
6.26,19.33,6.01,koi
6.02,21.0,3.48,rui
7.57,27.27,15.69,shrimp
6.05,20.44,3.66,rui
8.23,17.56,3.56,tilapia
7.61,21.37,3.6,katla
6.01,26.13,4.17,koi
7.21,26.15,7.36,magur
8.35,16.94,3.43,tilapia
7.09,29.93,6.66,karpio
6.96,29.96,3.8,katla
7.06,5.06,5.01,karpio
7.32,18.02,5.21,karpio
7.14,20.81,3.4,sing
8.59,17.52,3.72,pangas
6.0,27.0,4.0,katla
6.39,31.94,5.66,katla
7.59,29.09,4.12,koi
7.38,21.09,3.54,shrimp
7.01,11.22,7.33,karpio
7.19,26.07,7.22,magur
7.45,26.26,2.88,tilapia
7.91,24.61,5.61,sing
6.96,31.31,4.3,koi
7.6,21.28,3.51,rui
7.31,25.61,7.22,magur
7.42,17.9,14.46,shrimp
6.0,21.0,3.48,rui
7.23,25.68,7.0,magur
7.56,30.63,6.61,pangas
7.95,24.65,15.25,shrimp
8.77,18.3,3.54,pangas
7.41,25.18,7.43,karpio
7.13,27.94,9.46,karpio
7.18,28.77,7.89,magur
6.68,21.33,3.49,sing
7.19,20.86,8.01,magur
8.38,17.0,3.51,tilapia
6.92,21.08,3.77,shrimp
7.47,17.91,14.65,shrimp
7.46,21.07,3.34,shrimp
7.49,29.07,6.19,prawn
7.49,21.4,3.15,rui
6.97,20.94,3.63,shrimp
7.43,13.72,9.58,karpio
5.97,20.73,3.63,silverCup
7.42,25.78,10.23,karpio
7.03,32.52,8.63,karpio
7.87,25.0,5.87,sing
8.27,18.11,3.62,tilapia
6.97,20.59,2.98,silverCup
7.78,27.15,5.74,sing
6.81,21.24,3.74,shrimp
7.0,21.12,3.57,silverCup
7.68,20.77,15.01,shrimp
7.63,20.92,3.51,silverCup
7.0,21.34,3.64,sing
7.19,26.19,3.83,tilapia
6.78,21.83,5.95,koi
6.98,30.34,6.02,silverCup
7.07,20.99,3.85,rui
8.31,27.01,8.29,prawn
7.1,27.97,8.18,magur
8.42,17.78,3.7,tilapia
7.9,25.87,6.19,prawn
7.76,21.64,3.69,katla
8.51,28.23,5.49,silverCup
6.94,21.52,3.49,silverCup
7.58,31.07,6.51,pangas
7.81,26.76,5.39,sing
8.9,27.0,3.0,tilapia
7.18,21.31,3.56,silverCup
6.92,20.68,3.74,silverCup
7.5,32.0,4.0,katla
8.1,21.03,3.74,katla
7.14,20.48,3.42,rui
6.88,20.85,3.39,rui
7.4,18.27,14.85,shrimp
7.51,24.63,9.03,karpio
7.31,30.43,7.78,magur
8.21,29.43,6.95,sing
8.86,26.14,7.58,rui
6.96,21.09,3.34,shrimp
7.04,34.59,8.61,karpio
7.81,28.93,16.0,shrimp
7.55,27.77,5.75,sing
7.83,30.14,3.95,prawn
6.99,30.1,6.11,silverCup
7.01,10.57,7.09,karpio
7.5,21.0,9.3,karpio
5.96,21.26,3.5,silverCup
7.29,21.44,3.56,shrimp
8.56,32.11,3.98,katla
7.7,20.89,15.1,shrimp
7.17,23.58,7.49,magur
8.9,17.55,3.15,pangas
5.95,20.61,3.54,silverCup
7.33,21.97,7.59,magur
6.58,28.78,7.32,sing
7.0,24.63,4.07,katla
7.59,19.49,14.71,shrimp
8.68,17.88,3.27,pangas
6.96,21.36,3.98,shrimp
7.73,21.02,3.62,katla
7.75,27.28,15.62,shrimp
8.39,29.77,5.21,prawn
6.11,20.59,3.62,silverCup
8.22,29.75,5.36,prawn
8.28,21.54,3.58,katla
7.2,17.01,9.23,karpio
8.49,31.4,4.1,katla
7.03,21.77,3.51,silverCup
8.36,29.82,5.05,prawn
6.76,30.21,7.69,sing
8.62,17.81,3.47,pangas
6.18,25.75,4.11,katla
7.16,25.66,7.09,magur
8.63,31.15,3.3,pangas
7.17,20.74,3.4,silverCup
7.39,20.94,3.71,shrimp
8.45,31.79,6.87,sing
7.23,24.34,6.98,magur
7.47,28.88,5.9,prawn
7.96,30.45,3.88,prawn
7.56,31.73,6.21,silverCup
6.85,21.35,3.41,silverCup
6.97,21.6,3.81,shrimp
7.75,29.73,5.14,rui
6.97,26.0,7.4,sing
8.46,31.7,3.68,katla
7.83,28.3,6.02,sing
7.49,28.69,6.09,prawn
7.69,21.29,6.05,rui
7.33,22.13,7.48,magur
7.2,26.0,3.9,tilapia
7.18,24.78,7.06,magur
7.47,26.2,9.99,karpio
7.07,21.59,3.45,rui
7.61,21.59,3.6,katla
6.95,20.54,3.37,rui
7.4,26.34,4.11,rui
7.49,21.26,3.68,katla
8.3,25.06,3.76,tilapia
8.25,31.38,5.32,prawn
7.92,32.05,5.12,rui
7.66,21.27,3.58,rui
6.47,30.76,5.43,katla
7.2,30.05,8.33,magur
7.06,21.58,8.03,magur
7.46,26.08,3.14,tilapia
7.71,27.9,15.84,shrimp
7.21,21.32,3.65,silverCup
7.43,18.72,14.82,shrimp
7.85,26.11,3.44,tilapia
6.87,21.62,6.02,koi
8.39,17.5,3.56,tilapia
7.24,21.79,7.46,magur
8.44,31.76,6.82,sing
8.81,17.94,3.57,tilapia
8.21,26.9,8.49,prawn
6.91,25.75,7.55,sing
7.55,28.21,5.85,sing
7.84,26.51,5.42,sing
7.9,21.14,3.67,katla
7.11,28.12,6.19,tilapia
6.49,28.12,4.1,katla
6.49,29.69,3.77,pangas
7.6,28.31,5.93,sing
7.47,25.95,15.51,shrimp
6.79,21.33,3.67,shrimp
7.42,21.18,3.47,katla
7.01,5.23,4.81,karpio
8.23,17.64,3.59,tilapia
7.24,30.25,7.99,magur
6.71,21.06,3.78,sing
7.08,23.28,5.57,koi
9.06,27.66,3.42,tilapia
8.19,26.57,8.43,prawn
7.49,20.76,3.57,katla
7.23,17.33,9.42,karpio
8.13,27.03,8.45,prawn
7.5,29.0,6.0,prawn
6.23,18.66,6.07,koi
5.83,20.94,6.14,koi
7.49,31.55,5.87,sing
6.93,27.6,4.19,koi
6.96,20.71,3.71,rui
7.03,16.2,8.35,karpio
7.09,33.35,8.63,karpio
7.16,22.05,7.95,magur
7.64,21.36,3.81,katla
7.86,28.58,5.47,rui
7.9,25.03,15.48,shrimp
7.08,28.05,8.18,magur
5.92,21.08,5.97,koi
7.5,30.8,5.83,sing
7.18,21.01,8.02,magur
5.92,20.87,3.38,silverCup
7.82,27.27,5.64,sing
8.13,24.15,3.99,tilapia
7.18,4.31,9.4,karpio
8.28,30.22,6.8,pangas
6.63,20.47,3.33,rui
7.7,28.0,6.5,prawn
8.2,30.0,8.0,prawn
8.62,31.15,3.04,pangas
7.67,18.08,3.51,tilapia
7.25,20.3,7.97,karpio
7.04,23.2,5.57,koi
7.43,17.96,14.62,shrimp
7.2,21.0,8.0,magur
7.58,30.55,5.8,sing
6.6,29.22,7.42,sing
7.87,28.94,7.33,prawn
7.84,27.81,4.15,prawn
7.84,24.55,5.62,sing
7.11,22.39,7.64,magur
6.88,25.38,4.08,katla
8.19,30.81,4.2,katla
7.24,13.24,8.7,karpio
6.84,21.3,3.73,shrimp
7.94,27.88,5.98,pangas
8.32,17.54,3.67,tilapia
8.66,17.84,3.6,tilapia
9.02,28.48,3.46,pangas
8.3,29.9,5.25,prawn
5.99,20.88,6.11,koi
6.0,26.17,3.63,koi
6.75,25.42,3.21,tilapia
9.03,27.8,3.45,tilapia
7.99,24.36,15.2,shrimp
7.23,25.46,7.13,magur
7.11,24.42,4.09,rui
8.01,21.45,3.71,katla
7.78,18.17,3.71,tilapia
7.85,26.94,5.63,sing
7.32,6.06,9.17,karpio
8.29,17.54,3.54,tilapia
7.99,27.07,4.13,katla
7.47,28.47,6.26,prawn
7.73,20.73,3.36,rui
7.24,31.82,5.85,prawn
8.06,25.21,4.05,katla
6.08,26.32,4.14,koi
6.14,20.73,3.47,silverCup
8.13,27.25,8.61,prawn
8.02,30.94,4.41,koi
7.78,25.41,4.09,pangas
7.98,29.79,15.31,shrimp
7.46,25.76,7.32,karpio
6.94,20.77,3.28,rui
7.34,30.13,8.06,magur
8.76,17.57,3.5,pangas
5.99,26.18,4.13,koi
7.8,20.91,3.69,sing
7.26,14.54,6.92,karpio
7.51,13.85,9.43,karpio
6.91,21.53,3.87,sing
7.68,29.32,4.02,koi
5.93,20.67,5.94,koi
6.59,25.2,4.08,koi
8.84,17.99,3.49,tilapia
8.09,28.88,7.48,sing
7.85,28.04,4.04,prawn
7.8,27.0,5.7,sing
6.54,30.86,5.52,katla
6.94,27.86,4.15,koi
6.95,30.77,7.32,sing
7.8,27.2,5.69,sing
7.4,30.8,7.05,sing
8.23,17.85,3.47,tilapia
8.57,17.71,3.47,pangas
7.75,18.07,3.56,tilapia
7.4,23.0,7.5,magur
8.83,18.34,3.64,pangas
7.0,27.0,8.4,karpio
7.82,16.66,3.45,tilapia
7.5,26.25,15.37,shrimp
6.36,20.68,3.73,silverCup
6.87,21.0,3.56,sing
7.94,31.25,4.27,koi
6.62,17.5,3.36,tilapia
8.39,29.82,4.03,koi
7.29,21.06,3.3,rui
7.49,31.21,6.14,prawn
6.49,28.2,7.37,sing
6.18,24.82,3.93,tilapia
7.2,15.35,7.08,karpio
8.5,32.0,7.0,sing
8.22,29.68,7.23,sing
6.03,20.86,3.73,silverCup
8.11,27.18,8.66,prawn
7.25,20.94,3.41,silverCup
6.2,19.37,6.03,koi
8.15,17.88,3.66,tilapia
7.51,29.21,5.99,prawn
7.27,17.85,5.31,karpio
7.25,21.95,7.27,magur
7.36,21.42,3.55,shrimp
6.98,20.99,3.5,rui
7.96,27.84,6.01,pangas
6.13,28.94,3.88,koi
8.3,35.0,5.08,rui
7.52,21.45,3.88,katla
7.01,30.23,4.36,pangas
7.0,25.74,7.36,sing
7.68,27.42,15.62,shrimp
7.88,23.31,15.07,shrimp
6.75,29.88,7.08,sing
7.86,28.56,5.77,rui
8.76,17.59,3.74,pangas
6.18,20.7,3.5,silverCup
7.98,32.62,14.6,shrimp
7.89,28.61,5.92,pangas
7.2,20.79,8.03,magur
7.55,26.42,15.42,shrimp
7.05,21.44,3.63,shrimp
7.8,27.09,5.61,sing
8.49,30.25,3.99,koi
7.59,31.2,6.84,pangas
6.97,30.16,6.04,silverCup
7.43,23.92,15.08,shrimp
6.94,29.75,5.83,silverCup
7.28,6.03,9.4,karpio
8.58,30.12,6.43,silverCup
7.62,21.29,14.98,shrimp
8.8,25.0,7.0,silverCup
7.27,29.18,7.94,magur
7.81,21.81,14.86,shrimp
7.17,35.54,8.39,karpio
8.31,17.68,3.45,tilapia
7.86,28.78,5.47,rui
7.06,27.68,4.22,koi
8.75,17.65,3.55,pangas
6.96,21.25,3.85,shrimp
6.76,22.6,5.82,koi
8.24,17.89,3.47,tilapia
7.27,32.34,5.78,prawn
6.02,17.62,3.57,tilapia
5.99,30.57,4.93,rui
7.34,12.93,8.5,karpio
8.36,30.06,5.34,prawn
7.15,35.21,8.44,karpio
7.9,26.0,3.5,tilapia
9.0,28.0,3.3,tilapia
6.51,27.98,4.16,katla
7.0,29.0,5.9,silverCup
7.24,20.68,3.41,silverCup
8.91,27.77,3.56,tilapia
7.65,32.37,5.3,silverCup
7.5,14.0,9.5,karpio
6.92,20.97,3.66,sing
8.13,30.04,8.0,prawn
7.45,29.88,6.34,pangas
7.52,32.45,4.05,katla
7.79,17.7,3.73,tilapia
7.5,19.0,14.7,shrimp
6.43,20.71,3.35,rui
7.02,10.93,7.41,karpio
7.21,16.81,9.27,karpio
6.94,20.9,3.44,shrimp
7.4,31.14,6.36,prawn
6.08,21.27,3.64,silverCup
8.66,30.36,6.52,silverCup
7.62,31.45,4.95,silverCup
8.37,17.54,3.6,tilapia
6.04,17.39,3.45,tilapia
7.7,27.0,6.76,prawn
6.75,29.13,3.44,pangas
5.97,21.24,3.47,silverCup
7.96,24.8,5.57,sing
7.23,21.33,3.62,silverCup
8.5,27.36,2.55,pangas
6.97,20.63,3.63,sing
8.54,27.88,5.72,silverCup
6.84,21.04,3.37,shrimp
8.73,17.52,3.64,pangas
8.6,30.91,3.47,pangas
7.99,21.44,3.51,katla
7.95,27.95,5.96,pangas
5.99,20.87,3.48,rui
8.27,26.59,8.43,prawn
7.05,24.64,7.6,magur
7.91,26.2,6.14,prawn
7.02,28.06,4.17,koi
7.49,31.23,5.86,sing
7.82,27.13,5.49,sing
5.89,25.97,4.02,koi
7.07,20.74,3.44,rui
7.43,28.73,5.75,prawn
7.96,21.37,3.61,katla
8.47,30.31,4.31,koi
6.9,20.69,3.44,silverCup
7.72,21.1,3.59,katla
8.35,31.09,5.18,prawn
8.6,30.08,6.45,silverCup
9.12,28.36,3.61,pangas
7.43,20.67,3.35,sing
8.61,30.5,6.27,silverCup
7.32,29.92,7.72,magur
7.65,28.26,5.01,rui
7.3,22.0,7.6,magur
6.95,21.06,3.31,rui
7.65,20.77,3.61,rui
8.5,26.51,2.47,pangas
8.82,18.43,3.47,tilapia
7.75,25.12,3.87,pangas
7.67,27.97,15.66,shrimp
7.82,27.45,7.01,prawn
6.83,22.59,5.67,koi
6.84,29.05,3.74,pangas
6.19,25.07,3.79,tilapia
6.9,20.51,3.68,shrimp
7.22,24.84,7.08,magur
7.63,21.32,3.54,silverCup
6.96,20.85,3.34,rui
7.06,22.66,5.59,koi
7.51,28.89,5.8,prawn
7.42,24.99,3.28,tilapia
6.26,28.78,4.11,koi
8.74,18.32,3.45,pangas
6.86,20.63,3.39,rui
7.5,19.65,14.71,shrimp
8.28,21.32,3.48,katla
7.05,21.75,7.98,magur
8.92,18.54,3.54,pangas
8.12,27.14,8.44,prawn
7.36,25.65,4.11,rui
7.86,28.98,7.27,prawn
6.79,21.16,3.55,sing
8.78,18.32,3.45,pangas
7.7,17.36,3.55,tilapia
7.22,4.0,9.43,karpio
7.14,21.47,3.47,silverCup
7.15,17.14,9.16,karpio
6.97,20.9,3.33,shrimp
7.48,30.84,6.33,prawn
8.29,17.16,3.47,tilapia
7.99,26.78,3.9,katla
7.43,27.25,8.18,magur
7.75,21.27,3.67,sing
8.57,30.45,2.94,pangas
7.82,26.78,6.96,prawn
6.8,30.0,7.3,sing
6.46,27.7,7.08,sing
7.38,22.78,7.55,magur
7.44,29.35,3.62,pangas
6.97,22.06,3.65,shrimp
7.42,22.84,7.7,magur
8.86,26.97,7.78,rui
6.04,17.52,3.64,tilapia
6.93,21.1,3.8,sing
8.21,17.24,3.43,tilapia
7.1,16.04,8.39,karpio
8.77,17.42,3.68,pangas
7.42,8.88,6.3,karpio
5.97,21.15,3.74,silverCup
6.53,28.36,6.88,sing
7.95,29.34,7.03,prawn
8.6,31.0,3.3,pangas
7.02,28.29,3.97,koi
6.21,23.6,2.96,tilapia
8.76,18.45,3.53,pangas
7.6,27.97,16.0,shrimp
7.07,21.29,3.63,silverCup
7.86,17.73,3.56,tilapia
8.68,24.71,6.98,silverCup
7.99,26.5,5.87,prawn
7.61,28.04,5.87,sing
7.31,23.14,7.23,magur
7.22,7.46,9.47,karpio
6.8,29.0,3.7,pangas
7.97,28.09,6.02,sing
8.17,30.14,8.31,prawn
7.24,20.93,3.34,shrimp
8.25,30.9,5.51,prawn
7.26,25.44,1.96,pangas
8.88,18.07,3.41,pangas
7.14,34.84,8.47,karpio
7.74,26.88,5.77,sing
8.33,30.43,5.23,prawn
8.29,21.41,3.56,katla
5.87,21.26,5.94,koi
7.72,27.9,6.49,prawn
7.88,28.71,7.15,prawn
6.84,21.22,3.54,shrimp
7.0,5.2,4.95,karpio
8.63,17.84,3.49,pangas
8.81,17.66,3.44,pangas
7.32,26.03,7.36,magur
7.07,31.19,7.23,karpio
7.43,31.91,3.89,katla
7.81,28.33,4.18,prawn
7.85,26.64,5.47,sing
6.54,30.83,5.38,katla
8.24,30.54,5.54,prawn
7.41,24.8,7.53,karpio
8.33,21.6,3.78,katla
7.29,20.25,7.67,karpio
6.95,29.99,4.0,katla
7.79,26.72,5.42,sing
7.86,30.03,15.36,shrimp
7.81,17.26,3.48,tilapia
7.44,25.97,7.36,magur
8.23,27.33,8.55,prawn
8.11,29.36,7.25,sing
6.09,20.53,3.48,silverCup
8.9,27.6,3.01,tilapia
7.15,28.06,8.05,magur
6.93,21.18,3.81,shrimp
7.24,20.38,8.0,magur
6.99,21.0,3.27,rui
6.14,19.13,6.22,koi
7.19,4.0,9.06,karpio
7.23,25.49,7.06,magur
6.42,20.73,3.67,rui
6.87,22.21,6.02,koi
8.28,29.57,5.4,prawn
6.84,20.9,3.53,rui
8.78,18.0,3.48,pangas
7.4,16.85,14.69,shrimp
7.21,28.31,9.17,karpio
8.0,21.39,3.37,katla
7.75,27.84,5.93,pangas
7.3,20.0,8.0,karpio
6.93,5.18,5.33,karpio
7.85,24.85,3.73,pangas
7.99,25.29,4.33,katla
6.53,20.8,3.52,silverCup
7.4,26.0,10.0,karpio
7.28,29.2,7.86,magur
5.64,32.02,3.97,koi
7.66,28.48,5.06,rui
7.31,12.86,8.37,karpio
8.4,29.98,3.79,koi
6.46,21.49,3.46,rui
6.99,33.02,8.86,karpio
7.85,30.03,15.4,shrimp
7.03,20.64,3.53,silverCup
6.6,24.73,4.31,koi
8.49,32.03,6.96,sing
7.47,21.02,3.77,sing
6.05,21.3,3.66,silverCup
7.61,19.4,14.76,shrimp
6.39,21.24,3.7,silverCup
7.93,31.41,5.09,rui
6.21,30.17,4.87,rui
7.17,29.27,8.25,magur
8.5,31.0,3.5,pangas
6.49,20.9,4.97,tilapia
7.28,32.05,5.97,prawn
7.57,20.82,3.35,rui
6.93,30.89,7.34,sing
8.26,17.75,3.55,tilapia
7.78,27.27,5.71,pangas
6.24,25.25,4.09,tilapia
8.15,29.47,7.9,prawn
7.43,30.33,6.3,pangas
8.85,18.13,3.4,pangas
6.06,20.66,3.47,silverCup
7.32,22.36,7.41,magur
8.14,33.8,5.22,rui
7.07,21.67,8.02,magur
6.63,25.88,4.42,tilapia
6.06,21.02,3.55,rui
6.15,31.03,4.87,rui
6.97,21.46,3.76,rui
7.82,26.89,5.27,sing
8.03,21.04,3.63,katla
7.8,27.0,5.88,sing
7.22,29.08,8.0,magur
7.41,25.01,7.3,karpio
7.66,28.45,6.7,prawn
5.95,21.1,3.6,silverCup
7.07,22.91,5.71,koi
6.77,29.79,7.29,sing
7.15,34.87,8.46,karpio
7.19,16.58,9.24,karpio
8.0,27.0,3.8,pangas
7.51,28.63,5.96,prawn
8.71,25.07,7.13,silverCup
7.44,31.48,6.33,prawn
7.86,21.33,3.57,katla
7.88,22.27,14.99,shrimp
7.31,19.82,8.01,karpio
8.14,29.81,7.86,prawn
7.16,23.74,7.66,magur
6.52,28.07,7.01,sing
8.61,30.7,3.3,pangas
8.52,31.57,7.08,sing
6.68,20.78,3.68,sing
7.89,29.01,7.22,prawn
8.0,21.35,3.63,katla
6.88,29.39,3.54,pangas
7.3,30.59,7.79,magur
7.86,21.9,15.24,shrimp
6.13,21.59,3.36,silverCup
7.92,24.98,5.62,sing
8.5,32.0,6.0,sing
8.6,30.05,6.61,silverCup
6.94,21.19,3.52,sing
8.49,31.09,3.4,pangas
7.5,27.0,5.0,rui
7.38,25.82,4.14,rui
6.19,29.29,4.14,koi
8.17,30.25,6.83,pangas
7.01,30.84,4.12,koi
7.02,30.37,3.96,koi
6.8,22.34,5.85,koi
7.18,20.79,7.7,magur
6.88,21.06,3.58,rui
7.27,21.68,3.65,silverCup
8.86,27.82,7.63,rui
7.07,27.7,9.36,karpio
8.67,17.69,3.38,tilapia
7.58,21.21,3.53,silverCup
7.38,32.19,5.84,prawn
7.3,6.0,9.3,karpio
5.94,27.01,3.88,katla
8.13,28.36,4.11,katla
7.98,21.2,3.56,katla
7.5,25.3,9.05,karpio
6.19,25.95,4.11,katla
7.18,4.38,9.17,karpio
8.81,30.78,6.83,rui
8.02,26.18,3.79,tilapia
7.16,24.81,6.88,magur
8.59,31.37,2.88,pangas
7.23,29.05,4.05,katla
7.73,27.98,6.53,prawn
7.36,25.88,7.46,magur
7.88,32.34,14.84,shrimp
6.68,25.3,4.26,koi
7.11,10.91,7.33,karpio
6.99,26.91,8.18,karpio
7.9,29.68,15.01,shrimp
7.5,23.69,6.12,karpio
7.74,27.82,6.47,prawn
8.48,30.17,4.18,koi
7.81,26.89,6.81,prawn
7.92,30.38,4.0,prawn
6.08,26.22,4.38,koi
7.56,31.2,5.73,sing
8.27,30.03,7.86,prawn
7.67,26.91,15.2,shrimp
6.52,21.04,3.71,shrimp
8.7,18.04,3.78,pangas
7.53,26.88,1.0,pangas
7.99,31.09,4.14,koi
8.6,17.31,3.78,pangas
8.59,27.61,5.64,silverCup
7.07,21.31,3.62,shrimp
7.86,27.0,7.01,prawn
8.01,26.6,3.85,katla
7.49,30.58,6.34,prawn
7.52,27.66,5.16,rui
6.97,21.26,3.51,shrimp
7.24,21.15,7.48,magur
6.0,21.05,3.58,rui
5.98,26.67,3.97,katla
7.52,20.83,3.66,katla
7.13,22.56,7.93,magur
6.73,30.53,7.18,sing
5.89,24.9,5.54,tilapia
7.65,27.36,15.33,shrimp
7.78,27.03,5.53,sing
7.12,16.44,8.22,karpio
8.02,27.85,6.1,pangas
7.19,28.96,3.72,katla
7.17,30.92,7.61,karpio
6.91,30.13,3.97,katla
8.68,30.18,6.7,silverCup
8.61,18.2,3.54,pangas
6.03,21.26,3.77,silverCup
6.94,26.81,8.4,karpio
6.4,29.38,3.91,pangas
6.99,21.1,3.77,silverCup
7.02,28.23,9.52,karpio
5.93,26.21,3.92,koi
8.65,17.54,3.71,pangas
7.03,24.56,3.08,tilapia
8.15,30.14,7.06,pangas
7.8,21.64,3.62,sing
6.75,20.99,3.53,shrimp
5.89,20.69,3.66,silverCup
7.95,25.19,3.95,katla
8.26,30.62,5.17,prawn
8.78,17.92,3.45,pangas
7.52,20.82,9.26,karpio
7.89,26.04,5.89,prawn
7.45,22.83,6.51,karpio
7.29,26.3,7.19,magur
7.57,27.95,6.66,prawn
7.47,25.96,3.99,rui
7.32,13.57,8.53,karpio
6.95,20.98,3.39,silverCup
7.96,28.33,5.82,pangas
7.05,21.19,3.69,shrimp
6.91,30.97,7.32,sing
6.91,21.6,3.63,silverCup
7.64,28.2,6.36,prawn
7.44,26.24,10.2,karpio
7.48,21.19,3.56,shrimp
6.48,28.08,4.05,katla
7.5,29.0,6.1,prawn
7.87,28.76,7.21,prawn
7.89,32.06,14.65,shrimp
6.92,29.73,4.0,katla
7.7,21.4,3.86,katla
7.21,22.95,5.54,koi
7.8,27.0,5.5,sing
7.87,23.18,15.2,shrimp
6.46,21.2,3.41,silverCup
7.31,9.41,6.28,karpio
6.99,27.19,5.49,karpio
7.43,27.1,8.03,magur
7.79,27.34,6.87,prawn
8.55,32.73,4.21,katla
8.36,25.26,5.04,rui
7.01,20.6,3.58,shrimp
7.3,26.05,7.2,magur
6.95,21.54,3.57,shrimp
7.54,28.49,6.12,prawn
7.09,21.86,7.98,magur
7.8,22.1,14.95,shrimp
5.99,20.98,3.42,rui
8.12,21.43,3.47,katla
7.66,20.82,3.38,silverCup
7.75,27.89,6.63,prawn
7.7,21.41,3.65,katla
7.76,28.1,6.41,prawn
8.16,31.45,3.96,katla
6.5,20.89,3.66,shrimp
6.82,30.12,7.24,sing
7.14,21.35,3.41,silverCup
7.38,21.38,3.73,shrimp
7.03,29.87,5.79,silverCup
7.42,21.12,3.61,shrimp
6.07,23.45,2.93,tilapia
7.23,20.87,3.51,rui
8.78,17.22,3.39,pangas
7.2,28.7,4.11,katla
7.0,21.31,3.76,shrimp
7.14,14.61,7.17,karpio
7.06,15.63,8.03,karpio
7.94,30.58,4.06,koi
6.76,29.11,3.87,pangas
7.16,11.58,7.27,karpio
7.01,21.18,3.56,silverCup
7.44,21.65,3.42,katla
7.74,28.03,4.14,prawn
6.14,26.18,4.21,katla
7.49,21.5,3.47,katla
6.99,11.21,7.58,karpio
7.84,29.47,7.14,prawn
7.12,28.39,8.19,magur
7.92,29.78,15.14,shrimp
8.12,29.41,7.91,prawn
6.02,21.42,3.38,silverCup
7.94,28.84,7.64,prawn
8.81,17.8,3.81,pangas
8.25,17.71,3.73,tilapia
8.56,29.93,3.99,koi
8.0,21.45,3.63,katla
7.39,27.16,7.93,magur
8.15,21.38,3.79,katla
7.48,31.13,5.87,sing
7.28,6.8,9.29,karpio
7.52,30.88,6.23,prawn
8.76,17.9,3.71,pangas
7.82,26.7,5.56,sing
7.78,28.5,15.87,shrimp
7.78,29.52,15.86,shrimp
8.08,30.9,4.12,koi
6.93,22.16,6.24,karpio
7.51,31.3,4.91,silverCup
6.69,29.67,7.06,sing
7.58,20.23,3.48,rui
7.49,21.07,3.41,sing
7.86,28.87,15.75,shrimp
7.43,25.97,15.22,shrimp
7.06,22.5,7.96,magur
6.92,21.06,3.6,shrimp
8.63,31.07,2.82,pangas
8.72,18.42,3.27,pangas
7.54,26.78,5.01,rui
8.2,27.0,8.5,prawn
8.13,20.77,3.68,katla
8.05,26.82,4.27,katla
7.39,23.66,15.01,shrimp
7.2,29.0,4.0,katla
7.21,14.83,6.9,karpio
7.87,27.6,5.63,sing
6.65,29.36,7.1,sing
7.35,32.79,5.89,prawn
8.8,17.81,3.48,pangas
6.21,25.2,4.05,tilapia
7.53,32.0,3.93,katla
7.5,21.57,3.42,sing
7.73,21.97,15.44,shrimp
7.18,24.93,6.99,magur
7.32,17.84,5.48,karpio
7.62,32.03,6.06,silverCup
7.0,28.0,4.02,koi
8.18,23.54,3.67,tilapia
7.51,30.96,5.79,sing
7.3,29.48,8.1,magur
7.2,19.5,8.25,karpio
7.55,28.91,5.74,prawn
7.87,25.27,15.1,shrimp
7.53,24.83,9.0,karpio
6.5,29.58,3.78,pangas
6.3,26.0,3.5,tilapia
7.5,20.92,3.52,shrimp
6.38,26.0,3.54,tilapia
6.02,17.12,3.39,tilapia
5.94,21.2,3.44,silverCup
7.56,21.16,3.4,silverCup
8.15,22.13,3.58,katla
7.32,18.02,14.44,shrimp
7.3,13.0,8.5,karpio
6.99,21.16,3.5,rui
7.78,24.85,3.87,pangas
6.76,29.0,3.72,pangas
8.06,21.88,3.48,katla
6.99,28.45,5.1,karpio
6.93,21.37,3.39,shrimp
7.2,28.0,5.0,pangas
7.38,25.1,7.39,karpio
8.86,26.46,2.85,tilapia
7.75,21.25,3.57,sing
7.05,27.82,7.93,magur
7.75,31.7,14.74,shrimp
7.02,30.74,4.13,koi
7.69,22.39,5.99,rui
7.96,28.37,6.24,sing
7.67,28.43,5.05,rui
8.39,30.03,5.14,prawn
7.78,26.99,5.74,sing
7.27,21.98,7.66,magur
7.24,21.06,3.56,silverCup
7.84,21.91,15.12,shrimp
7.69,22.18,6.01,rui
8.76,18.33,3.77,pangas
8.11,27.75,4.17,katla
7.49,25.02,8.79,karpio
5.96,25.93,3.97,koi
8.44,24.85,5.04,rui
7.94,27.12,3.9,katla
6.98,29.23,5.97,silverCup
6.46,21.5,3.87,silverCup
7.69,21.01,3.63,rui
6.99,21.04,3.29,sing
6.9,21.08,3.7,sing
7.72,29.33,4.97,rui
7.06,28.0,7.97,magur
7.92,30.84,4.04,koi
5.5,17.73,4.86,koi
7.08,29.9,6.56,karpio
8.37,21.41,3.62,katla
6.15,21.04,3.62,silverCup
7.87,24.82,15.37,shrimp
7.14,27.8,9.33,karpio
7.58,29.22,4.18,koi
7.64,20.23,14.85,shrimp
7.19,24.07,3.95,rui
7.1,25.2,7.12,magur
6.77,22.42,5.84,koi
7.47,25.98,15.63,shrimp
6.28,25.83,4.19,katla
6.01,21.43,3.38,rui
6.45,21.09,3.62,silverCup
8.48,32.17,7.04,sing
7.16,21.6,7.95,magur
7.57,21.68,3.46,silverCup
7.28,26.41,4.01,tilapia
7.42,25.89,2.93,tilapia
7.03,27.73,7.86,magur
6.01,21.42,3.49,silverCup
7.36,23.13,7.69,magur
8.22,29.56,5.55,prawn
8.61,30.25,6.56,silverCup
8.59,29.77,6.43,silverCup
7.08,25.06,7.09,magur
6.78,26.25,3.13,tilapia
7.19,28.89,8.18,magur
7.8,26.59,5.81,pangas
7.07,21.59,8.05,magur
7.86,17.21,3.33,tilapia
7.88,17.65,3.5,tilapia
6.93,20.84,3.75,silverCup
7.37,18.07,14.72,shrimp
7.44,25.63,10.03,karpio
6.55,24.65,4.3,koi
8.5,30.0,4.0,koi
6.55,29.9,3.67,pangas
7.74,27.95,6.55,prawn
6.68,20.87,3.32,rui
8.02,27.76,4.14,katla
7.5,24.0,3.3,tilapia
7.84,26.44,7.1,prawn
7.16,11.83,7.61,karpio
6.22,29.07,4.19,koi
5.52,18.12,4.99,koi
5.68,31.7,4.18,koi
6.79,22.45,5.68,koi
6.99,29.65,6.14,silverCup
8.26,18.42,3.7,tilapia
7.31,22.58,7.75,magur
7.22,29.76,7.99,magur
7.48,21.3,3.62,katla
7.43,25.73,2.88,tilapia
7.35,31.66,5.64,prawn
8.46,30.11,2.89,pangas
7.07,20.87,3.36,rui
6.94,21.64,3.79,shrimp
8.93,17.54,3.54,pangas
7.17,24.96,7.25,magur
6.14,29.26,4.13,koi
6.26,18.47,6.15,koi
7.43,31.82,4.05,katla
6.5,21.04,3.2,rui
7.38,29.98,6.24,pangas
6.17,24.74,4.01,tilapia
7.79,17.78,3.49,tilapia
8.66,17.87,3.45,tilapia
7.86,21.31,3.3,sing
5.92,27.23,4.01,katla
7.51,25.35,9.01,karpio
7.6,20.96,3.43,silverCup
7.39,24.29,15.05,shrimp
7.17,18.7,8.25,karpio
7.8,27.0,5.6,sing
7.43,31.49,3.06,pangas
6.9,24.94,3.98,katla
7.26,6.98,9.25,karpio
8.25,26.82,8.57,prawn
7.2,25.0,7.0,magur
7.9,24.6,15.38,shrimp
7.57,27.87,5.7,sing
6.46,21.46,4.95,tilapia
6.01,21.12,3.4,silverCup
7.05,29.07,5.99,silverCup
7.67,20.18,14.69,shrimp
7.98,26.92,3.79,pangas
5.92,20.78,6.03,koi
7.25,25.51,6.75,magur
7.07,10.03,5.98,karpio
6.12,20.99,3.5,silverCup
7.97,27.12,3.78,katla
8.49,26.83,2.72,pangas
8.52,32.02,3.7,katla
7.76,27.28,5.51,sing
8.72,17.96,3.49,pangas
7.25,20.75,7.78,magur
7.32,26.81,8.11,magur
7.73,21.09,3.56,sing
7.51,31.25,6.17,prawn
7.87,17.52,3.53,tilapia
7.23,21.36,3.79,silverCup
7.87,27.93,4.09,prawn
7.17,29.07,7.74,magur
7.28,30.15,8.09,magur
7.88,30.55,4.73,rui
7.43,20.69,3.68,shrimp
7.36,24.27,15.14,shrimp
7.2,21.9,7.85,magur
7.63,29.09,5.94,prawn
7.72,27.26,5.18,sing
8.56,31.01,3.1,pangas
5.97,21.54,5.75,koi
7.15,24.19,7.04,magur
7.67,32.18,5.99,silverCup
6.92,21.02,3.71,sing
7.95,23.59,15.26,shrimp
7.29,25.03,4.04,rui
6.09,25.93,3.88,koi
7.49,17.77,14.25,shrimp
7.84,22.89,15.45,shrimp
7.28,21.38,3.45,rui
7.53,21.61,3.58,katla
6.94,20.96,3.39,rui
7.07,5.12,5.28,karpio
7.77,20.92,3.15,katla
7.41,23.31,7.53,magur
8.4,17.71,3.67,tilapia
6.71,22.18,5.94,koi
6.77,27.09,7.4,tilapia
8.19,18.08,3.59,tilapia
7.47,27.6,5.28,rui
7.71,27.6,15.63,shrimp
7.2,29.0,8.0,magur
8.56,29.75,4.08,koi
7.92,24.94,5.53,sing
7.48,31.17,5.97,prawn
6.97,27.45,4.16,koi
7.82,29.42,5.06,rui
6.09,19.26,5.87,koi
6.09,21.27,3.49,silverCup
6.99,26.32,7.5,sing
7.6,32.23,6.32,silverCup
7.03,24.16,7.68,magur
6.96,21.06,3.32,shrimp
7.51,26.35,15.49,shrimp
7.29,21.77,3.72,shrimp
7.84,21.16,3.74,sing
6.14,23.51,3.38,tilapia
7.6,26.84,15.3,shrimp
6.99,31.07,3.99,koi
7.0,4.73,5.01,karpio
7.25,28.98,8.28,magur
6.08,20.99,3.39,silverCup
6.0,25.54,4.06,koi
7.51,31.64,5.67,sing
7.6,31.77,4.96,silverCup
8.29,35.22,5.18,rui
6.95,29.77,4.19,katla
7.34,28.77,3.71,pangas
7.63,28.29,5.15,rui
7.43,25.18,7.35,karpio
7.45,20.83,9.31,karpio
7.47,23.81,3.55,tilapia
6.54,21.07,3.53,rui
7.35,6.07,9.26,karpio
8.23,17.56,3.55,tilapia
7.65,27.88,6.51,prawn
7.52,25.66,15.61,shrimp
7.75,17.35,3.56,tilapia
7.19,18.98,8.19,karpio
7.13,29.48,8.12,magur
7.07,21.32,3.62,sing
8.2,30.18,6.86,pangas
8.12,31.26,3.99,katla
7.36,32.12,5.65,prawn
7.28,30.11,7.98,magur
8.5,30.12,3.03,pangas
6.95,31.06,4.06,koi
6.87,21.19,3.49,shrimp
7.47,30.73,6.32,prawn
7.81,25.91,6.04,prawn
7.12,23.84,7.53,magur
7.01,20.85,3.23,sing
6.43,21.19,3.51,silverCup
7.57,27.79,5.82,sing
7.03,26.86,8.33,karpio
7.83,26.79,5.7,sing
8.77,18.07,3.32,tilapia
7.58,20.55,3.39,rui
6.87,30.08,7.42,sing
7.42,30.87,6.28,prawn
8.32,17.56,3.56,tilapia
7.02,27.58,4.18,koi
7.19,22.25,8.17,magur
5.66,31.97,3.95,koi
8.49,32.69,6.78,sing
7.73,21.88,6.24,rui
8.25,26.97,8.69,prawn
7.39,24.25,14.88,shrimp
6.04,20.84,3.48,rui
8.79,17.93,3.43,pangas
8.82,24.86,7.16,silverCup
8.39,21.08,3.76,katla
7.9,25.0,15.3,shrimp
7.1,21.01,3.71,shrimp
5.93,21.03,3.65,silverCup
7.84,21.27,3.49,katla
7.56,20.98,3.51,silverCup
6.93,28.93,5.97,silverCup
6.9,30.0,4.13,katla
7.8,22.95,15.1,shrimp
7.15,29.04,7.85,magur
6.55,29.86,3.64,pangas
6.98,21.03,3.47,silverCup
6.04,25.87,3.72,koi
7.06,29.84,5.98,silverCup
8.07,21.34,3.79,katla
7.34,19.64,7.95,karpio
7.99,21.44,3.61,katla
7.69,21.36,15.05,shrimp
8.63,17.94,3.46,pangas
7.93,32.42,14.42,shrimp
6.96,21.9,3.34,rui
6.1,17.23,3.64,tilapia
7.29,17.77,5.27,karpio
6.71,20.9,3.31,shrimp
8.73,17.57,3.5,tilapia
7.65,27.72,6.42,prawn
7.81,21.1,3.59,katla
6.46,20.99,3.66,rui
7.07,29.91,5.91,silverCup
6.98,21.11,3.52,sing
6.08,21.16,3.72,silverCup
8.81,17.94,3.43,pangas
7.4,18.0,5.2,karpio
6.89,20.62,3.35,rui
7.15,27.72,9.79,karpio
8.76,17.59,3.4,tilapia
6.01,26.08,4.3,koi
7.84,27.28,5.62,sing
7.57,28.95,4.14,koi
7.14,29.32,8.09,magur
7.5,20.9,3.45,sing
7.09,21.45,3.68,sing
6.17,24.75,3.93,tilapia
8.37,17.71,3.61,tilapia
7.14,21.06,3.47,silverCup
7.02,21.26,3.59,rui
8.17,17.69,3.34,tilapia
7.16,28.09,8.19,magur
7.27,21.06,3.45,rui
7.81,26.43,5.59,sing
7.77,29.31,4.81,rui
8.86,26.46,3.04,tilapia
8.8,18.2,3.55,pangas
5.74,32.17,4.16,koi
7.5,31.79,6.17,silverCup
7.5,29.56,6.08,prawn
7.56,29.01,4.23,koi
6.2,25.61,3.94,katla
7.88,28.04,3.7,prawn
8.74,18.02,3.5,pangas
6.93,33.22,8.8,karpio
7.49,26.41,15.37,shrimp
7.43,21.25,3.67,shrimp
8.01,21.09,3.37,katla
7.31,25.93,7.3,magur
6.06,25.98,4.15,koi
6.95,21.19,3.62,shrimp
8.79,18.0,3.46,pangas
7.81,20.62,3.31,rui
7.55,28.11,5.72,sing
7.5,26.0,15.4,shrimp
7.83,27.33,5.77,sing
7.28,21.04,3.56,silverCup
6.96,21.44,3.52,silverCup
6.81,26.6,7.28,tilapia
7.44,25.41,2.94,tilapia
6.86,30.98,7.39,sing
8.61,17.98,3.72,pangas
6.48,20.98,3.61,rui
8.77,18.15,3.94,pangas
7.77,28.07,6.37,prawn
7.23,20.04,7.9,karpio
8.75,17.82,3.52,tilapia
7.04,21.27,3.54,silverCup
7.23,20.74,8.37,magur
8.8,18.0,3.49,pangas
6.89,25.13,3.87,katla
8.32,30.64,5.34,prawn
7.07,23.13,3.95,rui
8.8,29.62,6.63,rui
7.91,29.61,4.13,prawn
7.54,26.66,15.53,shrimp
7.26,29.14,8.2,magur
8.01,20.9,3.46,katla
8.0,32.04,14.59,shrimp
5.73,32.31,3.98,koi
8.84,17.84,3.28,pangas
7.88,29.03,7.36,prawn
8.41,29.98,3.88,koi
7.44,17.89,14.74,shrimp
5.71,31.64,4.02,koi
8.43,25.54,4.02,tilapia
8.55,29.82,6.2,silverCup
6.89,21.35,3.43,rui
8.21,17.81,3.55,tilapia
7.99,30.94,4.04,koi
7.02,20.71,3.4,silverCup
8.66,31.26,3.34,pangas
7.03,5.46,4.98,karpio
6.52,21.23,3.37,shrimp
7.96,17.62,3.56,tilapia
7.28,32.21,6.17,prawn
7.62,26.81,15.39,shrimp
7.65,28.04,15.75,shrimp
7.87,21.4,3.38,katla
7.07,28.03,8.0,magur
5.92,27.08,4.07,katla
7.26,24.83,6.88,magur
7.09,21.43,3.69,silverCup
6.79,22.32,6.25,koi
7.05,20.75,3.2,sing
8.76,25.21,7.03,silverCup
7.95,21.17,3.29,katla
7.92,28.57,5.95,sing
7.3,29.95,3.93,katla
5.95,25.8,3.99,koi
7.9,25.05,5.74,sing
6.02,25.92,4.14,koi
6.98,21.47,3.53,shrimp
7.82,21.16,3.72,sing
8.01,24.71,4.18,katla
8.05,24.84,4.12,katla
6.49,25.79,4.1,tilapia
7.42,29.25,3.6,pangas
7.12,23.12,5.21,koi
8.85,18.21,3.37,pangas
6.91,21.16,3.41,silverCup
6.9,30.68,4.34,koi
7.83,25.18,15.5,shrimp
8.41,24.88,3.94,tilapia
7.02,10.62,7.44,karpio
6.35,21.55,3.77,silverCup
8.5,32.0,3.95,katla
8.25,17.39,3.46,tilapia
7.27,25.22,2.0,pangas
6.11,18.88,6.13,koi
6.99,26.21,7.51,sing
8.54,30.93,3.39,pangas
6.58,24.8,4.14,koi
7.22,17.23,9.16,karpio
7.51,21.02,3.55,katla
8.29,17.93,3.57,tilapia
8.15,18.15,3.47,tilapia
6.6,24.88,3.99,koi
7.98,26.99,3.95,katla
5.5,17.86,5.03,koi
6.74,22.25,6.13,koi
7.5,25.0,9.0,karpio
7.82,21.48,14.99,shrimp
7.01,21.45,3.5,shrimp
7.81,28.74,4.97,rui
7.33,21.8,3.45,rui
6.59,29.38,7.39,sing
8.67,18.16,3.38,pangas
7.55,28.75,4.32,koi
8.59,30.07,6.44,silverCup
8.03,21.81,3.59,katla
7.89,27.89,6.09,sing
7.07,20.79,3.47,sing
7.13,23.13,5.57,koi
8.47,26.18,2.68,pangas
7.12,23.52,4.31,rui
6.23,18.74,6.1,koi
7.62,29.43,4.29,koi
7.84,30.12,5.06,rui
8.04,28.92,7.14,sing
7.84,28.88,7.2,prawn
7.07,27.99,5.74,tilapia
7.49,26.25,15.24,shrimp
6.56,30.8,5.34,katla
6.05,30.66,4.79,rui
7.8,25.24,4.05,pangas
7.28,29.15,4.11,katla
7.9,23.0,15.2,shrimp
7.57,19.55,14.68,shrimp
7.3,29.0,3.97,katla
8.3,17.37,3.43,tilapia
7.41,27.15,8.22,magur
6.91,21.81,3.45,rui
7.22,15.21,6.94,karpio
7.89,29.61,15.22,shrimp
8.88,17.86,3.31,pangas
7.79,22.0,15.27,shrimp
8.19,17.57,3.61,tilapia
7.53,31.18,7.41,sing
7.08,21.3,3.6,rui
6.8,28.84,3.73,pangas
8.19,30.86,3.76,katla
8.62,17.6,3.2,pangas
8.45,30.92,5.38,prawn
7.08,10.63,7.62,karpio
7.62,31.83,6.22,silverCup
7.6,31.72,6.11,silverCup
6.31,25.98,3.69,tilapia
7.4,24.0,15.39,shrimp
5.47,17.68,5.22,koi
8.14,30.13,7.79,prawn
6.98,33.55,8.81,karpio
5.98,26.13,4.14,koi
7.93,22.12,3.47,katla
8.47,17.81,3.6,tilapia
6.45,31.13,5.47,katla
7.28,12.91,8.53,karpio
7.05,29.81,6.05,silverCup
6.52,26.14,4.45,tilapia
5.67,31.84,3.92,koi
6.91,21.15,3.26,rui
6.55,21.08,4.82,tilapia
6.94,31.72,4.28,koi
7.74,21.05,3.7,rui
7.9,28.64,7.16,prawn
7.29,27.35,8.21,magur
7.5,8.0,5.3,karpio
7.83,22.9,15.37,shrimp
7.67,28.82,3.85,koi
7.53,27.22,15.6,shrimp
6.21,29.17,3.82,koi
7.11,30.23,6.28,karpio
6.94,21.2,3.61,silverCup
6.03,30.87,5.04,rui
7.96,24.44,3.99,katla
7.59,21.01,3.42,silverCup
7.31,25.3,2.08,pangas
5.49,18.2,5.01,koi
7.01,30.18,6.18,silverCup
5.87,20.67,5.88,koi
6.0,21.12,3.4,rui
6.46,26.47,4.32,tilapia
7.11,23.97,7.47,magur
7.38,27.2,7.83,magur
6.93,20.98,3.59,sing
7.44,22.87,7.56,magur
7.27,12.36,8.42,karpio
8.38,17.54,3.49,tilapia
7.05,30.73,4.28,koi
8.57,31.73,6.1,sing
6.01,21.07,3.62,silverCup
7.71,21.71,14.63,shrimp
7.91,28.09,6.16,sing
7.49,26.31,15.62,shrimp
7.85,30.69,4.28,prawn
7.32,17.73,5.42,karpio
7.6,22.35,5.88,rui
7.43,17.54,14.45,shrimp
7.47,20.84,9.3,karpio
6.52,28.0,7.22,sing
7.0,28.39,7.97,magur
7.79,27.36,5.85,pangas
6.54,21.19,3.51,sing
7.08,30.01,3.82,pangas
7.88,21.87,15.34,shrimp
7.05,30.95,4.17,koi
8.19,29.31,7.88,prawn
8.46,30.71,3.28,pangas
6.81,20.84,3.57,shrimp
7.22,32.57,5.78,prawn
8.26,17.5,3.26,tilapia
7.83,31.77,14.83,shrimp
7.95,25.36,5.75,sing
8.3,30.71,5.29,prawn
7.93,24.97,5.61,sing
7.44,24.11,3.54,tilapia
8.3,30.7,3.9,katla
7.08,28.21,9.47,karpio
8.74,25.43,6.72,silverCup
8.31,25.48,3.87,tilapia
8.4,30.99,3.67,pangas
8.45,17.43,3.65,tilapia
7.82,27.15,7.31,prawn
8.03,26.63,3.57,pangas
7.33,17.4,14.55,shrimp
6.92,30.75,4.13,katla
8.54,31.09,2.81,pangas
8.69,17.9,3.61,pangas
7.41,17.83,14.57,shrimp
6.37,20.68,3.46,silverCup
7.47,20.75,9.34,karpio
8.63,17.95,3.44,pangas
7.09,27.58,8.09,magur
7.7,28.0,15.7,shrimp
8.02,27.46,3.76,katla
8.77,17.52,3.82,pangas
6.38,21.33,3.48,rui
7.5,32.11,6.11,silverCup
6.67,25.21,4.17,koi
7.06,28.89,6.09,silverCup
7.53,32.1,4.03,katla
6.44,21.03,3.65,silverCup
8.63,17.75,3.46,pangas
7.2,14.74,7.23,karpio
7.55,20.1,14.89,shrimp
7.89,25.54,6.24,prawn
7.96,21.53,3.43,katla
8.26,18.15,3.47,tilapia
7.0,29.18,5.91,silverCup
7.26,20.01,7.88,karpio
7.28,20.85,3.76,silverCup
8.63,17.7,3.45,pangas
8.01,31.83,4.92,rui
7.83,27.2,5.76,pangas
5.98,21.44,3.39,silverCup
5.97,25.35,4.27,koi
8.64,17.85,3.11,tilapia
7.72,28.37,6.52,prawn
8.05,21.72,3.46,katla
8.31,25.24,3.91,tilapia
7.35,18.08,14.41,shrimp
8.49,32.1,6.92,sing
8.52,29.93,3.21,pangas
7.62,31.62,6.27,silverCup
7.61,31.37,4.9,silverCup
7.32,25.41,7.31,magur
6.55,29.9,3.72,pangas
7.44,31.12,5.63,sing
6.16,21.44,3.41,silverCup
6.59,26.33,4.37,tilapia
7.6,27.58,5.92,sing
6.99,29.93,5.88,silverCup
8.71,18.21,3.78,pangas
7.26,29.35,3.89,katla
6.55,29.34,7.2,sing
6.87,29.82,4.34,katla
7.46,27.34,7.85,magur
7.88,29.52,5.86,rui
8.38,17.69,3.56,tilapia
7.34,26.18,7.28,magur
7.74,28.18,4.28,prawn
7.55,21.32,3.52,silverCup
7.28,32.14,5.76,prawn
7.37,22.5,7.58,magur
6.82,28.54,3.62,pangas
6.61,26.21,4.2,tilapia
8.09,17.62,3.23,tilapia
7.68,27.15,5.93,sing
7.14,23.11,3.8,rui
7.79,28.87,15.96,shrimp
7.24,28.69,8.29,magur
6.85,21.16,3.27,rui
7.7,20.71,3.55,rui
7.52,18.96,14.69,shrimp
6.02,21.37,3.64,silverCup
8.46,27.2,2.71,pangas
6.06,25.67,3.89,koi
8.67,29.88,6.81,silverCup
8.81,17.65,3.57,pangas
7.87,25.25,3.92,pangas
7.86,25.09,3.49,tilapia
8.49,32.45,4.09,katla
8.85,26.74,7.32,rui
5.49,17.84,5.02,koi
7.31,29.67,7.85,magur
7.54,20.5,9.38,karpio
7.95,30.55,4.05,koi
7.49,21.7,3.62,katla
6.98,27.75,3.99,koi
8.1,29.28,7.1,sing
6.52,21.08,3.66,rui
7.02,24.2,7.58,magur
8.91,26.95,7.42,rui
7.32,26.79,4.87,rui
5.9,21.0,6.0,koi
7.56,31.16,7.4,sing
7.3,25.14,4.46,rui
6.56,21.31,3.58,shrimp
7.2,9.58,6.08,karpio
7.44,18.9,14.87,shrimp
8.28,30.6,5.26,prawn
7.59,21.04,3.58,silverCup
7.35,12.85,8.27,karpio
7.23,28.53,7.82,magur
7.72,20.73,3.41,rui
7.85,30.01,3.92,prawn
7.82,20.26,3.45,rui
6.98,10.88,7.08,karpio
7.75,27.21,5.64,sing
7.9,26.48,7.01,prawn
7.29,29.77,4.08,katla
7.21,17.31,9.55,karpio
8.5,31.59,6.05,sing
5.48,17.97,5.2,koi
7.61,29.17,4.18,koi
7.11,34.47,8.59,karpio
5.48,17.49,4.86,koi
7.11,23.62,7.44,magur
8.51,31.84,6.12,sing
6.44,21.3,3.45,silverCup
7.1,23.14,5.42,koi
8.75,18.16,3.34,pangas
8.02,25.65,3.58,tilapia
6.96,11.05,7.35,karpio
7.12,23.98,7.56,magur
6.59,29.06,7.13,sing
6.69,21.14,3.43,rui
6.94,20.68,3.6,silverCup
5.71,31.67,3.99,koi
7.36,20.77,3.8,shrimp
7.5,30.89,7.18,sing
7.42,26.94,8.06,magur
8.84,17.49,3.1,pangas
7.5,25.47,15.35,shrimp
7.08,21.93,6.16,karpio
7.8,25.0,3.4,tilapia
7.62,21.13,3.63,katla
8.06,33.2,5.0,rui
7.16,28.82,7.93,magur
7.42,26.71,7.95,magur
6.71,20.96,3.25,rui
7.72,22.18,15.06,shrimp
7.48,28.64,5.67,prawn
7.08,32.85,8.55,karpio
8.19,27.18,8.48,prawn
7.92,29.79,3.96,prawn
7.85,21.63,3.62,katla
6.99,21.06,3.35,rui
7.49,20.91,3.78,shrimp
6.89,29.75,4.46,katla
7.01,20.99,3.54,sing
8.81,24.92,6.74,silverCup
8.5,28.0,5.6,silverCup
7.44,27.06,8.07,magur
7.2,24.84,6.76,magur
8.76,17.9,3.61,pangas
7.86,24.98,15.2,shrimp
7.73,21.22,3.37,rui
6.97,21.83,6.16,karpio
8.65,17.81,3.39,pangas
6.61,25.01,4.08,koi
8.83,26.61,7.26,rui
7.5,28.56,5.73,prawn
8.86,26.88,7.54,rui
6.02,25.85,4.12,koi
8.01,26.53,4.05,katla
7.55,19.95,14.84,shrimp
6.76,26.05,3.13,tilapia
6.99,29.06,5.7,silverCup
8.53,30.42,3.8,koi
7.5,20.87,3.37,rui
7.25,32.25,5.93,prawn
7.73,21.2,3.51,katla
7.99,28.15,6.09,pangas
7.18,4.0,9.43,karpio
6.52,20.95,3.54,shrimp
6.82,21.23,3.55,shrimp
7.62,31.91,6.48,silverCup
5.99,26.96,4.01,katla
7.91,25.16,15.28,shrimp
6.89,21.36,3.46,sing
6.93,27.54,4.29,koi
